{"tgs":1,"v":"5.5.2","fr":60,"ip":0,"op":121,"w":512,"h":512,"nm":"Prem Star Move 3","ddd":0,"assets":[],"layers":[{"ddd":0,"ind":1,"ty":4,"nm":"Circle 4","sr":1,"ks":{"o":{"a":1,"k":[{"i":{"x":[0.833],"y":[0.833]},"o":{"x":[0.167],"y":[0.167]},"t":75,"s":[0]},{"i":{"x":[0.833],"y":[1]},"o":{"x":[0.167],"y":[0.167]},"t":79,"s":[80]},{"i":{"x":[0.833],"y":[0.833]},"o":{"x":[0.3],"y":[0]},"t":89,"s":[70]},{"t":99,"s":[0]}]},"p":{"a":1,"k":[{"i":{"x":0.7,"y":1},"o":{"x":0.167,"y":0.167},"t":75,"s":[256,433,0],"to":[0,0,0],"ti":[0,0,0]},{"t":99,"s":[256,155,0]}]},"a":{"a":0,"k":[6,186,0]}},"ao":0,"shapes":[{"ty":"gr","it":[{"ind":0,"ty":"sh","ks":{"a":1,"k":[{"i":{"x":0.7,"y":1},"o":{"x":0.167,"y":0.167},"t":75,"s":[{"i":[[0,-19.882],[97.754,0],[0,19.882]],"o":[[0,19.882],[-97.754,0],[0,-19.882]],"v":[[177,0],[0,36],[-177,0]],"c":false}]},{"t":99,"s":[{"i":[[0,-23.196],[137.657,0],[0,23.196]],"o":[[0,23.196],[-137.657,0],[0,-23.196]],"v":[[249.25,0],[0,42],[-249.25,0]],"c":false}]}]},"nm":"Path 1","hd":false},{"ty":"st","c":{"a":0,"k":[0.949019607843,0.564705882353,0,1]},"o":{"a":0,"k":100},"w":{"a":1,"k":[{"i":{"x":[0.833],"y":[0.833]},"o":{"x":[0.167],"y":[0.167]},"t":75,"s":[30]},{"t":99,"s":[6]}]},"lc":1,"lj":1,"ml":4,"bm":0,"nm":"Stroke 1","hd":false},{"ty":"tr","p":{"a":0,"k":[6,206]},"a":{"a":0,"k":[0,0]},"s":{"a":0,"k":[100,100]},"r":{"a":0,"k":0},"o":{"a":0,"k":100},"sk":{"a":0,"k":0},"sa":{"a":0,"k":0},"nm":"Transform"}],"nm":"Ellipse 1","bm":0,"hd":false}],"ip":75,"op":100,"st":75,"bm":0},{"ddd":0,"ind":2,"ty":4,"nm":"Circle 3","sr":1,"ks":{"o":{"a":1,"k":[{"i":{"x":[0.833],"y":[0.833]},"o":{"x":[0.167],"y":[0.167]},"t":57,"s":[0]},{"i":{"x":[0.833],"y":[1]},"o":{"x":[0.167],"y":[0]},"t":61,"s":[80]},{"i":{"x":[0.833],"y":[0.833]},"o":{"x":[0.3],"y":[0]},"t":73,"s":[80]},{"t":83,"s":[0]}]},"p":{"a":1,"k":[{"i":{"x":0.7,"y":1},"o":{"x":0.167,"y":0.167},"t":57,"s":[256,443,0],"to":[0,0,0],"ti":[0,0,0]},{"t":83,"s":[256,115,0]}]},"a":{"a":0,"k":[6,186,0]}},"ao":0,"shapes":[{"ty":"gr","it":[{"ind":0,"ty":"sh","ks":{"a":1,"k":[{"i":{"x":0.7,"y":1},"o":{"x":0.167,"y":0.167},"t":57,"s":[{"i":[[0,-19.882],[97.754,0],[0,19.882]],"o":[[0,19.882],[-97.754,0],[0,-19.882]],"v":[[177,0],[0,36],[-177,0]],"c":false}]},{"t":83,"s":[{"i":[[0,-23.196],[137.657,0],[0,23.196]],"o":[[0,23.196],[-137.657,0],[0,-23.196]],"v":[[249.25,0],[0,42],[-249.25,0]],"c":false}]}]},"nm":"Path 1","hd":false},{"ty":"st","c":{"a":0,"k":[0.949019607843,0.564705882353,0,1]},"o":{"a":0,"k":100},"w":{"a":1,"k":[{"i":{"x":[0.833],"y":[0.833]},"o":{"x":[0.167],"y":[0.167]},"t":57,"s":[40]},{"t":83,"s":[6]}]},"lc":1,"lj":1,"ml":4,"bm":0,"nm":"Stroke 1","hd":false},{"ty":"tr","p":{"a":0,"k":[6,186]},"a":{"a":0,"k":[0,0]},"s":{"a":0,"k":[100,100]},"r":{"a":0,"k":0},"o":{"a":0,"k":100},"sk":{"a":0,"k":0},"sa":{"a":0,"k":0},"nm":"Transform"}],"nm":"Ellipse 1","bm":0,"hd":false}],"ip":57,"op":84,"st":57,"bm":0},{"ddd":0,"ind":3,"ty":4,"nm":"Circle 2","sr":1,"ks":{"o":{"a":1,"k":[{"i":{"x":[0.833],"y":[0.833]},"o":{"x":[0.167],"y":[0.167]},"t":35,"s":[0]},{"i":{"x":[0.833],"y":[1]},"o":{"x":[0.167],"y":[0]},"t":39,"s":[80]},{"i":{"x":[0.833],"y":[0.833]},"o":{"x":[0.3],"y":[0]},"t":51,"s":[80]},{"t":61,"s":[0]}]},"p":{"a":1,"k":[{"i":{"x":0.7,"y":1},"o":{"x":0.167,"y":0.167},"t":35,"s":[256,445,0],"to":[0,0,0],"ti":[0,0,0]},{"t":61,"s":[256,95,0]}]},"a":{"a":0,"k":[6,186,0]}},"ao":0,"shapes":[{"ty":"gr","it":[{"ind":0,"ty":"sh","ks":{"a":1,"k":[{"i":{"x":0.7,"y":1},"o":{"x":0.167,"y":0.167},"t":35,"s":[{"i":[[0,-19.882],[97.754,0],[0,19.882]],"o":[[0,19.882],[-97.754,0],[0,-19.882]],"v":[[177,0],[0,36],[-177,0]],"c":false}]},{"t":61,"s":[{"i":[[0,-23.196],[137.657,0],[0,23.196]],"o":[[0,23.196],[-137.657,0],[0,-23.196]],"v":[[249.25,0],[0,42],[-249.25,0]],"c":false}]}]},"nm":"Path 1","hd":false},{"ty":"st","c":{"a":0,"k":[0.949019607843,0.564705882353,0,1]},"o":{"a":0,"k":100},"w":{"a":1,"k":[{"i":{"x":[0.833],"y":[0.833]},"o":{"x":[0.167],"y":[0.167]},"t":35,"s":[50]},{"t":61,"s":[6]}]},"lc":1,"lj":1,"ml":4,"bm":0,"nm":"Stroke 1","hd":false},{"ty":"tr","p":{"a":0,"k":[6,186]},"a":{"a":0,"k":[0,0]},"s":{"a":0,"k":[100,100]},"r":{"a":0,"k":0},"o":{"a":0,"k":100},"sk":{"a":0,"k":0},"sa":{"a":0,"k":0},"nm":"Transform"}],"nm":"Ellipse 1","bm":0,"hd":false}],"ip":35,"op":62,"st":35,"bm":0},{"ddd":0,"ind":4,"ty":4,"nm":"Circle 1","sr":1,"ks":{"o":{"a":1,"k":[{"i":{"x":[0.833],"y":[0.833]},"o":{"x":[0.167],"y":[0.167]},"t":15,"s":[0]},{"i":{"x":[0.843],"y":[1]},"o":{"x":[0.167],"y":[0]},"t":20,"s":[80]},{"i":{"x":[0.833],"y":[0.833]},"o":{"x":[0.3],"y":[0]},"t":31,"s":[80]},{"t":41,"s":[0]}]},"p":{"a":1,"k":[{"i":{"x":0.7,"y":1},"o":{"x":0.167,"y":0.167},"t":15,"s":[256,453,0],"to":[0,0,0],"ti":[0,0,0]},{"t":41,"s":[256,95,0]}]},"a":{"a":0,"k":[6,186,0]}},"ao":0,"shapes":[{"ty":"gr","it":[{"ind":0,"ty":"sh","ks":{"a":1,"k":[{"i":{"x":0.7,"y":1},"o":{"x":0.167,"y":0.167},"t":15,"s":[{"i":[[0,-19.882],[97.754,0],[0,19.882]],"o":[[0,19.882],[-97.754,0],[0,-19.882]],"v":[[177,0],[0,36],[-177,0]],"c":false}]},{"t":41,"s":[{"i":[[0,-23.196],[137.657,0],[0,23.196]],"o":[[0,23.196],[-137.657,0],[0,-23.196]],"v":[[249.25,0],[0,42],[-249.25,0]],"c":false}]}]},"nm":"Path 1","hd":false},{"ty":"st","c":{"a":0,"k":[0.949019607843,0.564705882353,0,1]},"o":{"a":0,"k":100},"w":{"a":1,"k":[{"i":{"x":[0.833],"y":[0.833]},"o":{"x":[0.167],"y":[0.167]},"t":15,"s":[50]},{"t":41,"s":[6]}]},"lc":1,"lj":1,"ml":4,"bm":0,"nm":"Stroke 1","hd":false},{"ty":"tr","p":{"a":0,"k":[6,186]},"a":{"a":0,"k":[0,0]},"s":{"a":0,"k":[100,100]},"r":{"a":0,"k":0},"o":{"a":0,"k":100},"sk":{"a":0,"k":0},"sa":{"a":0,"k":0},"nm":"Transform"}],"nm":"Ellipse 1","bm":0,"hd":false}],"ip":15,"op":42,"st":15,"bm":0},{"ddd":0,"ind":5,"ty":4,"nm":"Star Main","sr":1,"ks":{"r":{"a":1,"k":[{"i":{"x":[0.7],"y":[1]},"o":{"x":[0.3],"y":[0]},"t":13,"s":[0]},{"i":{"x":[0.7],"y":[1]},"o":{"x":[0.3],"y":[0]},"t":28,"s":[3]},{"i":{"x":[0.7],"y":[1]},"o":{"x":[0.3],"y":[0]},"t":42,"s":[-3]},{"i":{"x":[0.7],"y":[1]},"o":{"x":[0.3],"y":[0]},"t":54,"s":[3]},{"i":{"x":[0.7],"y":[1]},"o":{"x":[0.3],"y":[0]},"t":65,"s":[-3]},{"i":{"x":[0.7],"y":[1]},"o":{"x":[0.3],"y":[0]},"t":76,"s":[3]},{"i":{"x":[0.7],"y":[1]},"o":{"x":[0.3],"y":[0]},"t":86,"s":[-2]},{"t":95,"s":[0]}]},"p":{"a":1,"k":[{"i":{"x":0.4,"y":1},"o":{"x":0.3,"y":0},"t":0,"s":[256.061,443.015,0],"to":[0,0,0],"ti":[0,0,0]},{"i":{"x":0.2,"y":1},"o":{"x":0.3,"y":0},"t":16,"s":[256.061,475.54,0],"to":[0,0,0],"ti":[0,0,0]},{"i":{"x":0.4,"y":1},"o":{"x":0.15,"y":0},"t":86,"s":[256.061,452.54,0],"to":[0,0,0],"ti":[0,0,0]},{"i":{"x":0.7,"y":1},"o":{"x":0.26,"y":0},"t":98,"s":[256.061,473.015,0],"to":[0,0,0],"ti":[0,0,0]},{"t":107,"s":[256.061,443.015,0]}]},"a":{"a":0,"k":[0.061,187.015,0]},"s":{"a":1,"k":[{"i":{"x":[0.4,0.4,0.4],"y":[1,1,1]},"o":{"x":[0.3,0.3,0.3],"y":[0,0,0]},"t":0,"s":[100,100,100]},{"i":{"x":[0.2,0.2,0.2],"y":[1,1,1]},"o":{"x":[0.3,0.3,0.3],"y":[0,0,0]},"t":16,"s":[110,85,100]},{"i":{"x":[0.4,0.4,0.4],"y":[1,1,1]},"o":{"x":[0.15,0.15,0.15],"y":[0,0,0]},"t":87,"s":[75,120,100]},{"i":{"x":[0.74,0.74,0.74],"y":[1,1,1]},"o":{"x":[0.26,0.26,0.26],"y":[0,0,0]},"t":99,"s":[110,90,100]},{"i":{"x":[0.74,0.74,0.74],"y":[1,1,1]},"o":{"x":[0.26,0.26,0.26],"y":[0,0,0]},"t":108,"s":[95,105,100]},{"t":120,"s":[100,100,100]}]}},"ao":0,"shapes":[{"ty":"gr","it":[{"ind":0,"ty":"sh","ks":{"a":1,"k":[{"i":{"x":0.4,"y":1},"o":{"x":0.167,"y":0.167},"t":0,"s":[{"i":[[-2.6,5.3],[0,0],[-10.5,-5],[-2,-4.2],[0,0],[-7.8,-1],[0,0],[1.5,-12.4],[3.6,-3.6],[0,0],[-0.5,-4],[0,0],[13.5,-1.7],[4.6,2.5],[0,0],[5.5,-2.9],[0,0],[5.6,11.1],[-0.8,5.6],[0,0],[-19,9.8],[0,0],[7.5,-1],[0,0],[12.7,10.4],[0,0],[-8.2,10.2],[-5.9,0.8],[0,0]],"o":[[0,0],[5.2,-10.1],[4.1,2],[0,0],[3.5,7.2],[0,0],[13.1,1.6],[-0.6,5.1],[0,0],[-2.9,2.9],[0,0],[1.7,13.7],[-5.1,0.6],[0,0],[-7,-3.6],[0,0],[-11,5.7],[-2.1,-4.2],[0,0],[3.2,-23.3],[0,0],[5.1,-3],[0,0],[-16.2,2.3],[0,0],[-9.7,-7.6],[3.8,-4.7],[0,0],[5.8,-0.6]],"v":[[-65.7,-78.7],[-20.4,-168.7],[9.3,-178.3],[19.6,-168.3],[62.7,-80.4],[79.7,-68.6],[168.4,-58],[189.3,-30.9],[182.8,-16.8],[111.8,53.5],[108.7,63.7],[120.2,158.8],[97.5,186.8],[81.9,184.3],[8.2,143.7],[-9.2,143.2],[-85.6,182.8],[-117.5,172.9],[-120.5,158.7],[-114.6,115.6],[-78.4,63],[2.5,20.9],[0.4,16.1],[-99.8,29.8],[-146.1,15.9],[-180.9,-13],[-184.1,-47.7],[-168.3,-57.5],[-77.9,-69.2]],"c":true}]},{"i":{"x":0.4,"y":1},"o":{"x":0.3,"y":0},"t":13,"s":[{"i":[[-2.6,5.3],[0,0],[-10.5,-5],[-2,-4.2],[0,0],[-7.8,-1],[0,0],[1.5,-12.4],[3.6,-3.6],[0,0],[-0.5,-4],[0,0],[13.5,-1.7],[4.6,2.5],[0,0],[5.5,-2.9],[0,0],[5.6,11.1],[-0.8,5.6],[0,0],[0.125,2.808],[2.014,2.708],[0,0],[0,0],[0,0],[0,0],[-8.2,10.2],[-5.9,0.8],[0,0]],"o":[[0,0],[5.2,-10.1],[4.1,2],[0,0],[3.5,7.2],[0,0],[13.1,1.6],[-0.6,5.1],[0,0],[-2.9,2.9],[0,0],[1.7,13.7],[-5.1,0.6],[0,0],[-7,-3.6],[0,0],[-11,5.7],[-2.1,-4.2],[0,0],[3.2,-23.3],[-0.277,-6.215],[-1.54,-2.07],[0,0],[-3.504,-2.696],[0,0],[-9.7,-7.6],[3.8,-4.7],[0,0],[5.8,-0.6]],"v":[[-65.7,-78.7],[-20.4,-168.7],[9.3,-178.3],[19.6,-168.3],[62.7,-80.4],[79.7,-68.6],[168.4,-58],[189.3,-30.9],[182.8,-16.8],[111.8,53.5],[108.7,63.7],[120.2,158.8],[97.5,186.8],[81.9,184.3],[8.2,143.7],[-9.2,143.2],[-85.6,182.8],[-117.5,172.9],[-120.5,158.7],[-114.6,115.6],[-108.999,64.236],[-111.461,53.267],[-119.46,44.701],[-121.168,42.457],[-146.1,18.689],[-180.9,-13],[-184.1,-47.7],[-168.3,-57.5],[-77.9,-69.2]],"c":true}]},{"i":{"x":0.833,"y":0.833},"o":{"x":0.15,"y":0},"t":87,"s":[{"i":[[-2.6,5.3],[0,0],[-10.5,-5],[-2,-4.2],[0,0],[-7.8,-1],[0,0],[-0.344,-12.486],[3.043,-4.081],[0,0],[-0.5,-4],[0,0],[13.5,-1.7],[4.6,2.5],[0,0],[5.5,-2.9],[0,0],[5.6,11.1],[-0.8,5.6],[0,0],[0,0],[0,0],[0,0],[0,0],[0,0],[0,0],[-10.404,7.939],[-5.922,-0.62],[0,0]],"o":[[0,0],[5.2,-10.1],[4.1,2],[0,0],[3.5,7.2],[0,0],[13.194,-0.306],[0.142,5.133],[0,0],[-2.9,2.9],[0,0],[1.7,13.7],[-5.1,0.6],[0,0],[-7,-3.6],[0,0],[-11,5.7],[-2.1,-4.2],[0,0],[3.2,-23.3],[0,0],[0,0],[0,0],[-7.519,-10.38],[0,0],[-10.071,-9.92],[4.805,-3.666],[0,0],[5.8,-0.6]],"v":[[-65.7,-78.7],[-20.4,-168.7],[9.3,-178.3],[19.6,-168.3],[62.7,-80.4],[79.7,-68.6],[165.637,-73.664],[190.226,-49.861],[185.827,-34.971],[111.8,53.5],[108.7,63.7],[120.2,158.8],[97.5,186.8],[81.9,184.3],[8.2,143.7],[-9.2,143.2],[-85.6,182.8],[-117.5,172.9],[-120.5,158.7],[-114.6,115.6],[-108.315,66.647],[-114.312,51.149],[-119.973,43.389],[-121.168,40.999],[-151.313,7.022],[-187.949,-30.295],[-182.841,-64.766],[-165.17,-70.545],[-77.9,-69.2]],"c":true}]},{"i":{"x":0.4,"y":1},"o":{"x":0.167,"y":0.167},"t":91,"s":[{"i":[[-2.6,5.3],[0,0],[-10.5,-5],[-2,-4.2],[0,0],[-7.8,-1],[0,0],[0.671,-12.439],[3.35,-3.816],[0,0],[-0.5,-4],[0,0],[13.5,-1.7],[4.6,2.5],[0,0],[5.5,-2.9],[0,0],[5.6,11.1],[-0.8,5.6],[0,0],[-10.459,5.395],[0,0],[11.76,-2.42],[22.629,3.501],[6.991,5.725],[0,0],[-9.191,9.184],[-5.91,0.162],[0,0]],"o":[[0,0],[5.2,-10.1],[4.1,2],[0,0],[3.5,7.2],[0,0],[13.142,0.743],[-0.267,5.115],[0,0],[-2.9,2.9],[0,0],[1.7,13.7],[-5.1,0.6],[0,0],[-7,-3.6],[0,0],[-11,5.7],[-2.1,-4.2],[0,0],[3.2,-23.3],[0,0],[9.393,-3.69],[0,0],[-18.981,-2.937],[0,0],[-9.867,-8.643],[4.252,-4.235],[0,0],[5.8,-0.6]],"v":[[-65.7,-78.7],[-20.4,-168.7],[9.3,-178.3],[19.6,-168.3],[62.7,-80.4],[79.7,-68.6],[167.158,-65.041],[189.716,-39.423],[184.161,-24.968],[111.8,53.5],[108.7,63.7],[120.2,158.8],[97.5,186.8],[81.9,184.3],[8.2,143.7],[-9.2,143.2],[-85.6,182.8],[-117.5,172.9],[-120.5,158.7],[-114.6,115.6],[-91.847,62.199],[-37.104,38.748],[-40.643,26.737],[-109.952,37.159],[-148.443,11.909],[-184.069,-20.774],[-183.534,-55.371],[-166.893,-63.364],[-77.9,-69.2]],"c":true}]},{"i":{"x":0.71,"y":1},"o":{"x":0.3,"y":0},"t":98,"s":[{"i":[[-2.6,5.3],[0,0],[-10.5,-5],[-2,-4.2],[0,0],[-7.8,-1],[0,0],[1.5,-12.4],[3.6,-3.6],[0,0],[-0.5,-4],[0,0],[13.5,-1.7],[4.6,2.5],[0,0],[5.5,-2.9],[0,0],[5.6,11.1],[-0.8,5.6],[0,0],[-19,9.8],[0,0],[7.5,-1],[0,0],[12.7,10.4],[0,0],[-8.2,10.2],[-5.9,0.8],[0,0]],"o":[[0,0],[5.2,-10.1],[4.1,2],[0,0],[3.5,7.2],[0,0],[13.1,1.6],[-0.6,5.1],[0,0],[-2.9,2.9],[0,0],[1.7,13.7],[-5.1,0.6],[0,0],[-7,-3.6],[0,0],[-11,5.7],[-2.1,-4.2],[0,0],[3.2,-23.3],[0,0],[5.1,-3],[0,0],[-16.2,2.3],[0,0],[-9.7,-7.6],[3.8,-4.7],[0,0],[5.8,-0.6]],"v":[[-65.7,-78.7],[-20.4,-168.7],[9.3,-178.3],[19.6,-168.3],[62.7,-80.4],[79.7,-68.6],[168.4,-58],[189.3,-30.9],[182.8,-16.8],[111.8,53.5],[108.7,63.7],[120.2,158.8],[97.5,186.8],[81.9,184.3],[8.2,143.7],[-9.2,143.2],[-85.6,182.8],[-117.5,172.9],[-120.5,158.7],[-114.6,115.6],[-78.4,58.567],[26.218,14.805],[24.118,10.005],[-99.344,35.341],[-146.1,15.9],[-180.9,-13],[-184.1,-47.7],[-168.3,-57.5],[-77.9,-69.2]],"c":true}]},{"t":107,"s":[{"i":[[-2.6,5.3],[0,0],[-10.5,-5],[-2,-4.2],[0,0],[-7.8,-1],[0,0],[1.5,-12.4],[3.6,-3.6],[0,0],[-0.5,-4],[0,0],[13.5,-1.7],[4.6,2.5],[0,0],[5.5,-2.9],[0,0],[5.6,11.1],[-0.8,5.6],[0,0],[-19,9.8],[0,0],[7.5,-1],[0,0],[12.7,10.4],[0,0],[-8.2,10.2],[-5.9,0.8],[0,0]],"o":[[0,0],[5.2,-10.1],[4.1,2],[0,0],[3.5,7.2],[0,0],[13.1,1.6],[-0.6,5.1],[0,0],[-2.9,2.9],[0,0],[1.7,13.7],[-5.1,0.6],[0,0],[-7,-3.6],[0,0],[-11,5.7],[-2.1,-4.2],[0,0],[3.2,-23.3],[0,0],[5.1,-3],[0,0],[-16.2,2.3],[0,0],[-9.7,-7.6],[3.8,-4.7],[0,0],[5.8,-0.6]],"v":[[-65.7,-78.7],[-20.4,-168.7],[9.3,-178.3],[19.6,-168.3],[62.7,-80.4],[79.7,-68.6],[168.4,-58],[189.3,-30.9],[182.8,-16.8],[111.8,53.5],[108.7,63.7],[120.2,158.8],[97.5,186.8],[81.9,184.3],[8.2,143.7],[-9.2,143.2],[-85.6,182.8],[-117.5,172.9],[-120.5,158.7],[-114.6,115.6],[-78.4,63],[2.5,20.9],[0.4,16.1],[-99.8,29.8],[-146.1,15.9],[-180.9,-13],[-184.1,-47.7],[-168.3,-57.5],[-77.9,-69.2]],"c":true}]}]},"nm":"Path 1","hd":false},{"ty":"gs","o":{"a":0,"k":100},"w":{"a":0,"k":6},"g":{"p":3,"k":{"a":0,"k":[0,0.914,0.553,0.188,0.5,0.898,0.48,0.106,1,0.882,0.408,0.024]}},"s":{"a":0,"k":[-1,-171]},"e":{"a":0,"k":[1.73,184.29]},"t":1,"lc":2,"lj":2,"bm":0,"nm":"Gradient_3LR35z1uxe","hd":false},{"ty":"tr","p":{"a":0,"k":[0,0]},"a":{"a":0,"k":[0,0]},"s":{"a":0,"k":[100,100]},"r":{"a":0,"k":0},"o":{"a":0,"k":100},"sk":{"a":0,"k":0},"sa":{"a":0,"k":0},"nm":"Transform"}],"nm":"Outline","bm":0,"hd":false},{"ty":"gr","it":[{"ind":0,"ty":"sh","ks":{"a":1,"k":[{"i":{"x":0.4,"y":1},"o":{"x":0.167,"y":0.167},"t":0,"s":[{"i":[[0,0],[0,0],[-5.3,8.6],[0,0]],"o":[[0,0],[9.9,-1.4],[0,0],[0,0]],"v":[[-166.75,-33.375],[-72.95,-47.275],[-46.75,-65.3],[-4.1,-157.45]],"c":false}]},{"i":{"x":0.4,"y":1},"o":{"x":0.3,"y":0},"t":13,"s":[{"i":[[0,0],[0,0],[-5.3,8.6],[0,0]],"o":[[0,0],[9.9,-1.4],[0,0],[0,0]],"v":[[-162.5,-33],[-71.2,-45.9],[-45.5,-63.8],[-0.1,-152.2]],"c":false}]},{"i":{"x":0.4,"y":1},"o":{"x":0.15,"y":0},"t":87,"s":[{"i":[[0,0],[0,0],[-5.3,8.6],[0,0]],"o":[[0,0],[9.9,-1.4],[0,0],[0,0]],"v":[[-162.5,-46.75],[-71.2,-45.9],[-45.5,-63.8],[-0.1,-152.2]],"c":false}]},{"i":{"x":0.71,"y":1},"o":{"x":0.3,"y":0},"t":98,"s":[{"i":[[0,0],[0,0],[-5.3,8.6],[0,0]],"o":[[0,0],[9.9,-1.4],[0,0],[0,0]],"v":[[-162.5,-33],[-71.2,-45.9],[-45.5,-63.8],[-0.1,-152.2]],"c":false}]},{"t":107,"s":[{"i":[[0,0],[0,0],[-5.3,8.6],[0,0]],"o":[[0,0],[9.9,-1.4],[0,0],[0,0]],"v":[[-166.75,-33.375],[-72.95,-47.275],[-46.75,-65.3],[-4.1,-157.45]],"c":false}]}]},"nm":"Path 1","hd":false},{"ty":"st","c":{"a":0,"k":[1,1,1,1]},"o":{"a":0,"k":100},"w":{"a":0,"k":17},"lc":2,"lj":2,"bm":0,"nm":"Stroke 1","hd":false},{"ty":"tr","p":{"a":0,"k":[0,0]},"a":{"a":0,"k":[0,0]},"s":{"a":0,"k":[100,100]},"r":{"a":0,"k":0},"o":{"a":0,"k":100},"sk":{"a":0,"k":0},"sa":{"a":0,"k":0},"nm":"Transform"}],"nm":"Blik","bm":0,"hd":false},{"ty":"gr","it":[{"ind":0,"ty":"sh","ks":{"a":1,"k":[{"i":{"x":0.4,"y":1},"o":{"x":0.167,"y":0.167},"t":0,"s":[{"i":[[0,0],[5.4,11],[0,0],[3.25,-0.25],[1.9,-3.9],[0,0],[10,-1.3],[0,0],[1.6,-2.1],[-4.3,-3.6],[0,0],[-12.3,1.7],[0,0],[-3.4,-6.7],[-0.3,-0.8],[-31.1,21.1]],"o":[[-12.1,-1.5],[0,0],[-1.325,-3.625],[-4,-0.75],[0,0],[-4.5,9],[0,0],[-2.6,0.3],[-2.8,3.8],[0,0],[9.6,7.9],[0,0],[7.5,-1.1],[0.4,0.8],[27,-15.7],[0,0]],"v":[[77.65,-55.125],[50.8,-75.675],[10.825,-157.375],[1.5,-162.375],[-10.275,-157.25],[-53.825,-72.375],[-77.4,-55.275],[-165.6,-43.275],[-173.8,-38.5],[-173.6,-23.175],[-140.575,4.975],[-97.95,14.2],[3.45,1.825],[21.15,10.45],[22.15,12.85],[118.975,-50.8]],"c":true}]},{"i":{"x":0.4,"y":1},"o":{"x":0.3,"y":0},"t":13,"s":[{"i":[[0,0],[5.4,11],[0,0],[1.5,0.7],[1.9,-3.9],[0,0],[10,-1.3],[0,0],[1.6,-2.1],[-4.3,-3.6],[0,0],[0,0],[0,0],[0,0],[0,0],[-98.482,72.589]],"o":[[-12.1,-1.5],[0,0],[-0.8,-1.6],[-2.7,-1.2],[0,0],[-4.5,9],[0,0],[-2.6,0.3],[-2.8,3.8],[0,0],[9.6,7.9],[0,0],[0,0],[0,0],[0,0],[0,0]],"v":[[75.9,-52.5],[47.8,-72.8],[6.2,-158],[2.5,-161.5],[-7.4,-158],[-52.2,-70],[-75.4,-53.4],[-163.1,-41.4],[-169.8,-38],[-167.1,-22.8],[-135.837,6.531],[-115.87,23.71],[-104.244,35.132],[-95.847,45.185],[-92.594,65.266],[151.389,-43.793]],"c":true}]},{"i":{"x":0.4,"y":1},"o":{"x":0.15,"y":0},"t":87,"s":[{"i":[[0,0],[5.4,11],[0,0],[1.5,0.7],[1.9,-3.9],[0,0],[10,-1.3],[0,0],[2.052,-1.661],[-3.325,-4.516],[0,0],[0,0],[0,0],[0,0],[0,0],[-62.452,93.525]],"o":[[-12.1,-1.5],[0,0],[-0.8,-1.6],[-2.7,-1.2],[0,0],[-4.5,9],[0,0],[-2.597,-0.324],[-3.62,3.029],[0,0],[9.6,7.9],[0,0],[0,0],[0,0],[0,0],[0,0]],"v":[[75.9,-52.5],[47.8,-72.8],[6.2,-158],[2.5,-161.5],[-7.4,-158],[-52.2,-70],[-75.4,-53.4],[-163.93,-53.672],[-171.245,-51.955],[-172.221,-36.548],[-138.717,-3.261],[-113.87,22.46],[-102.071,36.384],[-93.487,48.459],[-94.87,68.258],[168.027,-59.406]],"c":true}]},{"i":{"x":0.71,"y":1},"o":{"x":0.3,"y":0},"t":98,"s":[{"i":[[0,0],[5.4,11],[0,0],[1.5,0.7],[1.9,-3.9],[0,0],[10,-1.3],[0,0],[1.6,-2.1],[-4.3,-3.6],[0,0],[-12.3,1.7],[0,0],[-3.4,-6.7],[-0.3,-0.8],[-31.1,21.1]],"o":[[-12.1,-1.5],[0,0],[-0.8,-1.6],[-2.7,-1.2],[0,0],[-4.5,9],[0,0],[-2.6,0.3],[-2.8,3.8],[0,0],[9.6,7.9],[0,0],[7.5,-1.1],[0.4,0.8],[27,-15.7],[0,0]],"v":[[75.9,-52.5],[47.8,-72.8],[6.2,-158],[2.5,-161.5],[-7.4,-158],[-52.2,-70],[-75.4,-53.4],[-163.1,-41.4],[-169.8,-38],[-167.1,-22.8],[-133.7,4.6],[-99.516,16.915],[27.417,-6.395],[45.618,3.105],[46.617,5.505],[118.1,-47.3]],"c":true}]},{"t":107,"s":[{"i":[[0,0],[5.4,11],[0,0],[3.25,-0.25],[1.9,-3.9],[0,0],[10,-1.3],[0,0],[1.6,-2.1],[-4.3,-3.6],[0,0],[-12.3,1.7],[0,0],[-3.4,-6.7],[-0.3,-0.8],[-31.1,21.1]],"o":[[-12.1,-1.5],[0,0],[-1.325,-3.625],[-4,-0.75],[0,0],[-4.5,9],[0,0],[-2.6,0.3],[-2.8,3.8],[0,0],[9.6,7.9],[0,0],[7.5,-1.1],[0.4,0.8],[27,-15.7],[0,0]],"v":[[77.65,-55.125],[50.8,-75.675],[10.825,-157.375],[1.5,-162.375],[-10.275,-157.25],[-53.825,-72.375],[-77.4,-55.275],[-165.6,-43.275],[-173.8,-38.5],[-173.6,-23.175],[-140.575,4.975],[-97.95,14.2],[3.45,1.825],[21.15,10.45],[22.15,12.85],[118.975,-50.8]],"c":true}]}]},"nm":"Path 1","hd":false},{"ty":"fl","c":{"a":0,"k":[1,0.929411764706,0.564705882353,1]},"o":{"a":0,"k":100},"r":1,"bm":0,"nm":"Fill 1","hd":false},{"ty":"tr","p":{"a":0,"k":[0,0]},"a":{"a":0,"k":[0,0]},"s":{"a":0,"k":[100,100]},"r":{"a":0,"k":0},"o":{"a":0,"k":38},"sk":{"a":0,"k":0},"sa":{"a":0,"k":0},"nm":"Transform"}],"nm":"Shine","bm":0,"hd":false},{"ty":"gr","it":[{"ind":0,"ty":"sh","ks":{"a":1,"k":[{"i":{"x":0.4,"y":1},"o":{"x":0.167,"y":0.167},"t":0,"s":[{"i":[[0.8,6.4],[0,0],[-6.4,6.1],[0,0],[0,2.1],[4.9,0.6],[0,0],[5.4,11],[0,0],[5.603,0.192],[1.9,-4],[0,0],[10,-1.3],[0,0],[1.6,-2.1],[-6.444,-5.355],[0,0],[-12.3,1.7],[0,0],[-3.4,-6.7],[8.6,-4.4],[0,0],[2.4,-16.9],[0,0],[-1.3,-1.4],[-4.4,2.2],[0,0],[-9.1,-5],[0,0],[-2.3,0.5]],"o":[[0,0],[-1,-8],[0,0],[1.5,-1.5],[0,-5.1],[0,0],[-12.1,-1.5],[0,0],[-0.8,-1.6],[-6.29,-0.293],[0,0],[-4.5,9],[0,0],[-2.6,0.3],[-2.7,3.5],[0,0],[9.6,7.9],[0,0],[7.5,-1.1],[2.372,5.606],[0,0],[-15,7.7],[0,0],[-0.3,1.9],[3.3,3.7],[0,0],[10.4,-5.3],[0,0],[2.1,1.1],[5,-1.2]],"v":[[104.956,155.7],[93.256,62.9],[101.214,41.5],[170.763,-26.115],[173.063,-32.815],[162.579,-43.842],[76.143,-53.835],[49.499,-73.164],[10.811,-153.024],[2.164,-160.993],[-11.918,-154.83],[-53.414,-70.971],[-76.735,-56.434],[-163.221,-44.07],[-170.528,-38.243],[-169.284,-21.101],[-138.433,5.207],[-100.928,18.341],[-2.853,5.647],[15.589,11.384],[8.703,29.466],[-70.971,71.374],[-99.035,114.457],[-104.935,156.936],[-103.035,164.956],[-89.45,167.071],[-15.351,128.956],[14.849,129.556],[86.493,169.377],[94.193,170.377]],"c":true}]},{"i":{"x":0.4,"y":1},"o":{"x":0.3,"y":0},"t":13,"s":[{"i":[[0.8,6.4],[0,0],[-6.4,6.1],[0,0],[0,2.1],[4.9,0.6],[0,0],[5.4,11],[0,0],[1.6,0.7],[1.9,-4],[0,0],[10,-1.3],[0,0],[1.6,-2.1],[-4.3,-3.6],[0,0],[0,0],[0,0],[-3.334,-5.586],[-0.647,-3.074],[0,0],[2.4,-16.9],[0,0],[-1.3,-1.4],[-4.4,2.2],[0,0],[-9.1,-5],[0,0],[-2.3,0.5]],"o":[[0,0],[-1,-8],[0,0],[1.5,-1.5],[0,-5.1],[0,0],[-12.1,-1.5],[0,0],[-0.8,-1.6],[-2.1,-1],[0,0],[-4.5,9],[0,0],[-2.6,0.3],[-2.7,3.5],[0,0],[9.6,7.9],[0,0],[0.548,0.373],[1.554,3.662],[0,0],[0,0],[0,0],[-0.3,1.9],[3.3,3.7],[0,0],[10.4,-5.3],[0,0],[2.1,1.1],[5,-1.2]],"v":[[106.157,155.7],[94.457,62.9],[102.657,41.5],[168.7,-26.6],[171,-33.3],[162.7,-41.9],[75.9,-52.5],[47.8,-72.8],[6.2,-158],[1.8,-161.6],[-6.7,-157.5],[-52.2,-70],[-75.4,-53.4],[-163.1,-41.4],[-169.8,-38],[-167.1,-22.8],[-135.837,6.531],[-115.514,23.925],[-102.072,36.385],[-96.395,43.812],[-93.042,57.852],[-94.205,68.389],[-99.471,114.7],[-104.928,157.016],[-103.028,163.216],[-90.3,166.1],[-15.4,127.5],[14.8,129.802],[87.1,167.8],[94.8,168.8]],"c":true}]},{"i":{"x":0.4,"y":1},"o":{"x":0.15,"y":0},"t":87,"s":[{"i":[[0.8,6.4],[0,0],[-6.4,6.1],[0,0],[0.303,2.078],[4.935,-0.113],[0,0],[5.4,11],[0,0],[1.6,0.7],[1.9,-4],[0,0],[10,-1.3],[0,0],[2.062,-1.649],[-3.325,-4.516],[0,0],[0,0],[0,0],[-3.4,-6.7],[-0.649,-3.68],[0,0],[2.4,-16.9],[0,0],[-1.3,-1.4],[-4.4,2.2],[0,0],[-9.1,-5],[0,0],[-2.3,0.5]],"o":[[0,0],[-1,-8],[0,0],[1.268,-1.701],[-0.735,-5.047],[0,0],[-12.1,-1.5],[0,0],[-0.8,-1.6],[-2.1,-1],[0,0],[-4.5,9],[0,0],[-2.597,-0.324],[-3.452,2.761],[0,0],[9.6,7.9],[0,0],[0.548,0.373],[1.579,4.389],[0,0],[0,0],[0,0],[-0.3,1.9],[3.3,3.7],[0,0],[10.4,-5.3],[0,0],[2.1,1.1],[5,-1.2]],"v":[[103.5,155.7],[91.8,62.9],[100,41.5],[171.386,-43.512],[172.771,-51.889],[163.318,-59.202],[75.9,-52.5],[47.8,-72.8],[6.2,-158],[1.8,-161.6],[-6.7,-157.5],[-52.2,-70],[-75.4,-53.4],[-163.93,-53.672],[-171.245,-51.955],[-172.221,-36.548],[-138.717,-3.261],[-112.514,22.883],[-102.072,36.385],[-94.199,46.957],[-93.687,65.739],[-94.344,76.311],[-97.7,114.7],[-103.6,157.3],[-101.7,163.5],[-86.742,166.175],[-15.886,130.525],[14.314,131.125],[81.903,168.096],[94.8,168.8]],"c":true}]},{"i":{"x":0.71,"y":1},"o":{"x":0.3,"y":0},"t":98,"s":[{"i":[[0.8,6.4],[0,0],[-6.4,6.1],[0,0],[0,2.1],[4.9,0.6],[0,0],[5.4,11],[0,0],[5.603,0.192],[1.9,-4],[0,0],[10,-1.3],[0,0],[1.6,-2.1],[-6.444,-5.355],[0,0],[-12.3,1.7],[0,0],[-3.4,-6.7],[8.6,-4.4],[0,0],[2.4,-16.9],[0,0],[-1.3,-1.4],[-4.4,2.2],[0,0],[-9.1,-5],[0,0],[-2.3,0.5]],"o":[[0,0],[-1,-8],[0,0],[1.5,-1.5],[0,-5.1],[0,0],[-12.1,-1.5],[0,0],[-0.8,-1.6],[-6.29,-0.293],[0,0],[-4.5,9],[0,0],[-2.6,0.3],[-2.7,3.5],[0,0],[9.6,7.9],[0,0],[7.5,-1.1],[2.372,5.606],[0,0],[-15,7.7],[0,0],[-0.3,1.9],[3.3,3.7],[0,0],[10.4,-5.3],[0,0],[2.1,1.1],[5,-1.2]],"v":[[103.5,155.7],[91.8,62.9],[100,41.5],[168.7,-26.6],[171,-33.3],[162.7,-41.9],[75.9,-52.5],[47.8,-72.8],[10.083,-151.811],[2.285,-159.901],[-9.855,-153.617],[-52.2,-70],[-75.4,-53.4],[-163.1,-41.4],[-169.8,-38],[-168.799,-21.101],[-136.855,4.6],[-96.835,23.612],[26.134,-3.413],[45.062,5.058],[38.505,25.846],[-70.728,72.102],[-97.7,114.7],[-103.6,157.3],[-101.7,163.5],[-90.3,166.1],[-15.4,127.5],[14.8,128.1],[87.1,167.8],[94.8,168.8]],"c":true}]},{"t":107,"s":[{"i":[[0.8,6.4],[0,0],[-6.4,6.1],[0,0],[0,2.1],[4.9,0.6],[0,0],[5.4,11],[0,0],[5.603,0.192],[1.9,-4],[0,0],[10,-1.3],[0,0],[1.6,-2.1],[-6.444,-5.355],[0,0],[-12.3,1.7],[0,0],[-3.4,-6.7],[8.6,-4.4],[0,0],[2.4,-16.9],[0,0],[-1.3,-1.4],[-4.4,2.2],[0,0],[-9.1,-5],[0,0],[-2.3,0.5]],"o":[[0,0],[-1,-8],[0,0],[1.5,-1.5],[0,-5.1],[0,0],[-12.1,-1.5],[0,0],[-0.8,-1.6],[-6.29,-0.293],[0,0],[-4.5,9],[0,0],[-2.6,0.3],[-2.7,3.5],[0,0],[9.6,7.9],[0,0],[7.5,-1.1],[2.372,5.606],[0,0],[-15,7.7],[0,0],[-0.3,1.9],[3.3,3.7],[0,0],[10.4,-5.3],[0,0],[2.1,1.1],[5,-1.2]],"v":[[104.956,155.7],[93.256,62.9],[101.214,41.5],[170.763,-26.115],[173.063,-32.815],[162.579,-43.842],[76.143,-53.835],[49.499,-73.164],[10.811,-153.024],[2.164,-160.993],[-11.918,-154.83],[-53.414,-70.971],[-76.735,-56.434],[-163.221,-44.07],[-170.528,-38.243],[-169.284,-21.101],[-138.433,5.207],[-100.928,18.341],[-2.853,5.647],[15.589,11.384],[8.703,29.466],[-70.971,71.374],[-99.035,114.457],[-104.935,156.936],[-103.035,164.956],[-89.45,167.071],[-15.351,128.956],[14.849,129.556],[86.493,169.377],[94.193,170.377]],"c":true}]}]},"nm":"Path 1","hd":false},{"ty":"gf","o":{"a":0,"k":100},"r":1,"bm":0,"g":{"p":3,"k":{"a":0,"k":[0,1,1,1,0.5,1,0.99,0.922,1,1,0.98,0.843,0,0,0.5,0.5,1,1]}},"s":{"a":0,"k":[55.415,47.417]},"e":{"a":0,"k":[-16.164,-59.226]},"t":1,"nm":"Gradient_QNQMKVBQfT","hd":false},{"ty":"tr","p":{"a":0,"k":[0,0]},"a":{"a":0,"k":[0,0]},"s":{"a":0,"k":[103,103]},"r":{"a":0,"k":0},"o":{"a":0,"k":48},"sk":{"a":0,"k":0},"sa":{"a":0,"k":0},"nm":"Transform"}],"nm":"Front 2","bm":0,"hd":false},{"ty":"gr","it":[{"ind":0,"ty":"sh","ks":{"a":1,"k":[{"i":{"x":0.4,"y":1},"o":{"x":0.167,"y":0.167},"t":0,"s":[{"i":[[0.8,6.4],[0,0],[-6.4,6.1],[0,0],[0,2.1],[4.9,0.6],[0,0],[5.4,11],[0,0],[5.603,0.192],[1.9,-4],[0,0],[10,-1.3],[0,0],[1.6,-2.1],[-6.444,-5.355],[0,0],[-12.3,1.7],[0,0],[-3.4,-6.7],[8.6,-4.4],[0,0],[2.4,-16.9],[0,0],[-1.3,-1.4],[-4.4,2.2],[0,0],[-9.1,-5],[0,0],[-2.3,0.5]],"o":[[0,0],[-1,-8],[0,0],[1.5,-1.5],[0,-5.1],[0,0],[-12.1,-1.5],[0,0],[-0.8,-1.6],[-6.29,-0.293],[0,0],[-4.5,9],[0,0],[-2.6,0.3],[-2.7,3.5],[0,0],[9.6,7.9],[0,0],[7.5,-1.1],[2.372,5.606],[0,0],[-15,7.7],[0,0],[-0.3,1.9],[3.3,3.7],[0,0],[10.4,-5.3],[0,0],[2.1,1.1],[5,-1.2]],"v":[[104.956,155.7],[93.256,62.9],[101.214,41.5],[170.763,-26.115],[173.063,-32.815],[162.579,-43.842],[76.143,-53.835],[49.499,-73.164],[10.811,-153.024],[2.164,-160.993],[-11.918,-154.83],[-53.414,-70.971],[-76.614,-54.978],[-163.1,-42.614],[-170.528,-38.243],[-169.284,-21.101],[-138.433,5.207],[-100.928,18.341],[-2.853,5.647],[15.589,11.384],[8.703,29.466],[-70.971,71.374],[-99.035,114.457],[-104.935,156.936],[-103.035,164.956],[-89.45,167.071],[-15.351,128.956],[14.849,129.556],[86.493,169.377],[94.193,170.377]],"c":true}]},{"i":{"x":0.4,"y":1},"o":{"x":0.3,"y":0},"t":13,"s":[{"i":[[0.8,6.4],[0,0],[-6.4,6.1],[0,0],[0,2.1],[4.9,0.6],[0,0],[5.4,11],[0,0],[1.6,0.7],[1.9,-4],[0,0],[10,-1.3],[0,0],[1.6,-2.1],[-4.3,-3.6],[0,0],[0,0],[0,0],[-3.334,-5.586],[-0.647,-3.074],[0,0],[2.4,-16.9],[0,0],[-1.3,-1.4],[-4.4,2.2],[0,0],[-9.1,-5],[0,0],[-2.3,0.5]],"o":[[0,0],[-1,-8],[0,0],[1.5,-1.5],[0,-5.1],[0,0],[-12.1,-1.5],[0,0],[-0.8,-1.6],[-2.1,-1],[0,0],[-4.5,9],[0,0],[-2.6,0.3],[-2.7,3.5],[0,0],[9.6,7.9],[0,0],[0.548,0.373],[1.554,3.662],[0,0],[0,0],[0,0],[-0.3,1.9],[3.3,3.7],[0,0],[10.4,-5.3],[0,0],[2.1,1.1],[5,-1.2]],"v":[[106.157,155.7],[94.457,62.9],[102.657,41.5],[168.7,-26.6],[171,-33.3],[162.7,-41.9],[75.9,-52.5],[47.8,-72.8],[6.2,-158],[1.8,-161.6],[-6.7,-157.5],[-52.2,-70],[-75.4,-53.4],[-163.1,-41.4],[-169.8,-38],[-167.1,-22.8],[-135.837,6.531],[-115.514,23.925],[-102.072,36.385],[-96.395,43.812],[-93.042,57.852],[-94.205,68.389],[-99.471,114.7],[-104.928,157.016],[-103.028,163.216],[-90.3,166.1],[-15.4,127.5],[14.8,129.802],[87.1,167.8],[94.8,168.8]],"c":true}]},{"i":{"x":0.4,"y":1},"o":{"x":0.15,"y":0},"t":87,"s":[{"i":[[0.8,6.4],[0,0],[-6.4,6.1],[0,0],[0.303,2.078],[4.935,-0.113],[0,0],[5.4,11],[0,0],[1.6,0.7],[1.9,-4],[0,0],[10,-1.3],[0,0],[2.062,-1.649],[-3.325,-4.516],[0,0],[0,0],[0,0],[-3.4,-6.7],[-0.649,-3.68],[0,0],[2.4,-16.9],[0,0],[-1.3,-1.4],[-4.4,2.2],[0,0],[-9.1,-5],[0,0],[-2.3,0.5]],"o":[[0,0],[-1,-8],[0,0],[1.268,-1.701],[-0.735,-5.047],[0,0],[-12.1,-1.5],[0,0],[-0.8,-1.6],[-2.1,-1],[0,0],[-4.5,9],[0,0],[-2.597,-0.324],[-3.452,2.761],[0,0],[9.6,7.9],[0,0],[0.548,0.373],[1.579,4.389],[0,0],[0,0],[0,0],[-0.3,1.9],[3.3,3.7],[0,0],[10.4,-5.3],[0,0],[2.1,1.1],[5,-1.2]],"v":[[103.5,155.7],[91.8,62.9],[100,41.5],[171.386,-43.512],[172.771,-51.889],[163.318,-59.202],[75.9,-52.5],[47.8,-72.8],[6.2,-158],[1.8,-161.6],[-6.7,-157.5],[-52.2,-70],[-75.4,-53.4],[-163.93,-53.672],[-171.245,-51.955],[-172.221,-36.548],[-138.717,-3.261],[-112.514,22.883],[-102.072,36.385],[-94.199,46.957],[-93.687,65.739],[-94.344,76.311],[-97.7,114.7],[-103.6,157.3],[-101.7,163.5],[-86.742,166.175],[-15.886,130.525],[14.314,131.125],[81.903,168.096],[94.8,168.8]],"c":true}]},{"i":{"x":0.71,"y":1},"o":{"x":0.3,"y":0},"t":98,"s":[{"i":[[0.8,6.4],[0,0],[-6.4,6.1],[0,0],[0,2.1],[4.9,0.6],[0,0],[5.4,11],[0,0],[5.603,0.192],[1.9,-4],[0,0],[10,-1.3],[0,0],[1.6,-2.1],[-6.444,-5.355],[0,0],[-12.3,1.7],[0,0],[-3.4,-6.7],[8.6,-4.4],[0,0],[2.4,-16.9],[0,0],[-1.3,-1.4],[-4.4,2.2],[0,0],[-9.1,-5],[0,0],[-2.3,0.5]],"o":[[0,0],[-1,-8],[0,0],[1.5,-1.5],[0,-5.1],[0,0],[-12.1,-1.5],[0,0],[-0.8,-1.6],[-6.29,-0.293],[0,0],[-4.5,9],[0,0],[-2.6,0.3],[-2.7,3.5],[0,0],[9.6,7.9],[0,0],[7.5,-1.1],[2.372,5.606],[0,0],[-15,7.7],[0,0],[-0.3,1.9],[3.3,3.7],[0,0],[10.4,-5.3],[0,0],[2.1,1.1],[5,-1.2]],"v":[[103.5,155.7],[91.8,62.9],[100,41.5],[168.7,-26.6],[171,-33.3],[162.7,-41.9],[75.9,-52.5],[47.8,-72.8],[10.083,-151.811],[2.285,-159.901],[-9.855,-153.617],[-52.2,-70],[-75.4,-53.4],[-163.1,-41.4],[-169.8,-38],[-168.799,-21.101],[-136.855,4.6],[-96.835,23.612],[26.134,-3.413],[45.062,5.058],[38.505,25.846],[-70.728,72.102],[-97.7,114.7],[-103.6,157.3],[-101.7,163.5],[-90.3,166.1],[-15.4,127.5],[14.8,128.1],[87.1,167.8],[94.8,168.8]],"c":true}]},{"t":107,"s":[{"i":[[0.8,6.4],[0,0],[-6.4,6.1],[0,0],[0,2.1],[4.9,0.6],[0,0],[5.4,11],[0,0],[5.603,0.192],[1.9,-4],[0,0],[10,-1.3],[0,0],[1.6,-2.1],[-6.444,-5.355],[0,0],[-12.3,1.7],[0,0],[-3.4,-6.7],[8.6,-4.4],[0,0],[2.4,-16.9],[0,0],[-1.3,-1.4],[-4.4,2.2],[0,0],[-9.1,-5],[0,0],[-2.3,0.5]],"o":[[0,0],[-1,-8],[0,0],[1.5,-1.5],[0,-5.1],[0,0],[-12.1,-1.5],[0,0],[-0.8,-1.6],[-6.29,-0.293],[0,0],[-4.5,9],[0,0],[-2.6,0.3],[-2.7,3.5],[0,0],[9.6,7.9],[0,0],[7.5,-1.1],[2.372,5.606],[0,0],[-15,7.7],[0,0],[-0.3,1.9],[3.3,3.7],[0,0],[10.4,-5.3],[0,0],[2.1,1.1],[5,-1.2]],"v":[[104.956,155.7],[93.256,62.9],[101.214,41.5],[170.763,-26.115],[173.063,-32.815],[162.579,-43.842],[76.143,-53.835],[49.499,-73.164],[10.811,-153.024],[2.164,-160.993],[-11.918,-154.83],[-53.414,-70.971],[-76.614,-54.978],[-163.1,-42.614],[-170.528,-38.243],[-169.284,-21.101],[-138.433,5.207],[-100.928,18.341],[-2.853,5.647],[15.589,11.384],[8.703,29.466],[-70.971,71.374],[-99.035,114.457],[-104.935,156.936],[-103.035,164.956],[-89.45,167.071],[-15.351,128.956],[14.849,129.556],[86.493,169.377],[94.193,170.377]],"c":true}]}]},"nm":"Path 1","hd":false},{"ty":"gf","o":{"a":0,"k":100},"r":1,"bm":0,"g":{"p":3,"k":{"a":0,"k":[0,1,0.635,0,0.5,1,0.755,0.184,1,1,0.875,0.369]}},"s":{"a":0,"k":[93.279,197.903]},"e":{"a":0,"k":[-47.232,-173.304]},"t":1,"nm":"Gradient_mnhPmvM8T8","hd":false},{"ty":"tr","p":{"a":0,"k":[0,0]},"a":{"a":0,"k":[0,0]},"s":{"a":0,"k":[103,103]},"r":{"a":0,"k":0},"o":{"a":0,"k":100},"sk":{"a":0,"k":0},"sa":{"a":0,"k":0},"nm":"Transform"}],"nm":"Front","bm":0,"hd":false},{"ty":"gr","it":[{"ind":0,"ty":"sh","ks":{"a":1,"k":[{"i":{"x":0.4,"y":1},"o":{"x":0.167,"y":0.167},"t":0,"s":[{"i":[[-2.6,5.3],[0,0],[-10.5,-5],[-2,-4.2],[0,0],[-7.8,-1],[0,0],[1.5,-12.4],[3.6,-3.6],[0,0],[-0.5,-4],[0,0],[13.5,-1.7],[4.6,2.5],[0,0],[5.5,-2.9],[0,0],[5.6,11.1],[-0.8,5.6],[0,0],[-19,9.8],[0,0],[7.5,-1],[0,0],[12.7,10.4],[0,0],[-8.2,10.2],[-5.9,0.8],[0,0]],"o":[[0,0],[5.2,-10.1],[4.1,2],[0,0],[3.5,7.2],[0,0],[13.1,1.6],[-0.6,5.1],[0,0],[-2.9,2.9],[0,0],[1.7,13.7],[-5.1,0.6],[0,0],[-7,-3.6],[0,0],[-11,5.7],[-2.1,-4.2],[0,0],[3.2,-23.3],[0,0],[5.1,-3],[0,0],[-16.2,2.3],[0,0],[-9.7,-7.6],[3.8,-4.7],[0,0],[5.8,-0.6]],"v":[[-65.7,-78.7],[-20.4,-168.7],[9.3,-178.3],[19.6,-168.3],[62.7,-80.4],[79.7,-68.6],[168.4,-58],[189.3,-30.9],[182.8,-16.8],[111.8,53.5],[108.7,63.7],[120.2,158.8],[97.5,186.8],[81.9,184.3],[8.2,143.7],[-9.2,143.2],[-85.6,182.8],[-117.5,172.9],[-120.5,158.7],[-114.6,115.6],[-78.4,63],[2.5,20.9],[0.4,16.1],[-99.8,29.8],[-146.1,15.9],[-180.9,-13],[-184.1,-47.7],[-168.3,-57.5],[-77.9,-69.2]],"c":true}]},{"i":{"x":0.4,"y":1},"o":{"x":0.3,"y":0},"t":13,"s":[{"i":[[-2.6,5.3],[0,0],[-10.5,-5],[-2,-4.2],[0,0],[-7.8,-1],[0,0],[1.5,-12.4],[3.6,-3.6],[0,0],[-0.5,-4],[0,0],[13.5,-1.7],[4.6,2.5],[0,0],[5.5,-2.9],[0,0],[5.6,11.1],[-0.8,5.6],[0,0],[0,0],[0,0],[0,0],[0,0],[0,0],[0,0],[-8.2,10.2],[-5.9,0.8],[0,0]],"o":[[0,0],[5.2,-10.1],[4.1,2],[0,0],[3.5,7.2],[0,0],[13.1,1.6],[-0.6,5.1],[0,0],[-2.9,2.9],[0,0],[1.7,13.7],[-5.1,0.6],[0,0],[-7,-3.6],[0,0],[-11,5.7],[-2.1,-4.2],[0,0],[3.2,-23.3],[0,0],[0,0],[0,0],[-3.504,-2.696],[0,0],[-9.7,-7.6],[3.8,-4.7],[0,0],[5.8,-0.6]],"v":[[-65.7,-78.7],[-20.4,-168.7],[9.3,-178.3],[19.6,-168.3],[62.7,-80.4],[79.7,-68.6],[168.4,-58],[189.3,-30.9],[182.8,-16.8],[111.8,53.5],[108.7,63.7],[120.2,158.8],[97.5,186.8],[81.9,184.3],[8.2,143.7],[-9.2,143.2],[-85.6,182.8],[-117.5,172.9],[-120.5,158.7],[-114.6,115.6],[-108.315,66.647],[-114.312,51.149],[-119.973,44.847],[-121.168,42.457],[-146.1,18.689],[-180.9,-13],[-184.1,-47.7],[-168.3,-57.5],[-77.9,-69.2]],"c":true}]},{"i":{"x":0.833,"y":0.833},"o":{"x":0.15,"y":0},"t":87,"s":[{"i":[[-2.6,5.3],[0,0],[-10.5,-5],[-2,-4.2],[0,0],[-7.8,-1],[0,0],[-0.344,-12.486],[3.043,-4.081],[0,0],[-0.5,-4],[0,0],[13.5,-1.7],[4.6,2.5],[0,0],[5.5,-2.9],[0,0],[5.6,11.1],[-0.8,5.6],[0,0],[0,0],[0,0],[0,0],[0,0],[0,0],[0,0],[-10.404,7.939],[-5.922,-0.62],[0,0]],"o":[[0,0],[5.2,-10.1],[4.1,2],[0,0],[3.5,7.2],[0,0],[13.194,-0.306],[0.142,5.133],[0,0],[-2.9,2.9],[0,0],[1.7,13.7],[-5.1,0.6],[0,0],[-7,-3.6],[0,0],[-11,5.7],[-2.1,-4.2],[0,0],[3.2,-23.3],[0,0],[0,0],[0,0],[-7.519,-10.38],[0,0],[-10.071,-9.92],[4.805,-3.666],[0,0],[5.8,-0.6]],"v":[[-65.7,-78.7],[-20.4,-168.7],[9.3,-178.3],[19.6,-168.3],[62.7,-80.4],[79.7,-68.6],[165.637,-73.664],[190.226,-49.861],[185.827,-34.971],[111.8,53.5],[108.7,63.7],[120.2,158.8],[97.5,186.8],[81.9,184.3],[8.2,143.7],[-9.2,143.2],[-85.6,182.8],[-117.5,172.9],[-120.5,158.7],[-114.6,115.6],[-108.315,66.647],[-114.312,51.149],[-119.973,43.389],[-121.168,40.999],[-151.313,7.022],[-187.949,-30.295],[-182.841,-64.766],[-165.17,-70.545],[-77.9,-69.2]],"c":true}]},{"i":{"x":0.4,"y":1},"o":{"x":0.167,"y":0.167},"t":91,"s":[{"i":[[-2.6,5.3],[0,0],[-10.5,-5],[-2,-4.2],[0,0],[-7.8,-1],[0,0],[0.671,-12.439],[3.35,-3.816],[0,0],[-0.5,-4],[0,0],[13.5,-1.7],[4.6,2.5],[0,0],[5.5,-2.9],[0,0],[5.6,11.1],[-0.8,5.6],[0,0],[-10.459,5.395],[0,0],[11.725,-0.275],[0,0],[6.991,5.725],[0,0],[-9.191,9.184],[-5.91,0.162],[0,0]],"o":[[0,0],[5.2,-10.1],[4.1,2],[0,0],[3.5,7.2],[0,0],[13.142,0.743],[-0.267,5.115],[0,0],[-2.9,2.9],[0,0],[1.7,13.7],[-5.1,0.6],[0,0],[-7,-3.6],[0,0],[-11,5.7],[-2.1,-4.2],[0,0],[3.2,-23.3],[0,0],[7.9,-3.232],[0,0],[-12.298,-3.4],[0,0],[-9.867,-8.643],[4.252,-4.235],[0,0],[5.8,-0.6]],"v":[[-65.7,-78.7],[-20.4,-168.7],[9.3,-178.3],[19.6,-168.3],[62.7,-80.4],[79.7,-68.6],[167.158,-65.041],[189.716,-39.423],[184.161,-24.968],[111.8,53.5],[108.7,63.7],[120.2,158.8],[97.5,186.8],[81.9,184.3],[8.2,143.7],[-9.2,143.2],[-85.6,182.8],[-117.5,172.9],[-120.5,158.7],[-114.6,115.6],[-91.847,62.199],[-37.104,38.748],[-40.643,26.737],[-109.154,37.884],[-148.443,11.909],[-184.069,-20.774],[-183.534,-55.371],[-166.893,-63.364],[-77.9,-69.2]],"c":true}]},{"i":{"x":0.71,"y":1},"o":{"x":0.3,"y":0},"t":98,"s":[{"i":[[-2.6,5.3],[0,0],[-10.5,-5],[-2,-4.2],[0,0],[-7.8,-1],[0,0],[1.5,-12.4],[3.6,-3.6],[0,0],[-0.5,-4],[0,0],[13.5,-1.7],[4.6,2.5],[0,0],[5.5,-2.9],[0,0],[5.6,11.1],[-0.8,5.6],[0,0],[-19,9.8],[0,0],[7.5,-1],[0,0],[12.7,10.4],[0,0],[-8.2,10.2],[-5.9,0.8],[0,0]],"o":[[0,0],[5.2,-10.1],[4.1,2],[0,0],[3.5,7.2],[0,0],[13.1,1.6],[-0.6,5.1],[0,0],[-2.9,2.9],[0,0],[1.7,13.7],[-5.1,0.6],[0,0],[-7,-3.6],[0,0],[-11,5.7],[-2.1,-4.2],[0,0],[3.2,-23.3],[0,0],[5.1,-3],[0,0],[-16.2,2.3],[0,0],[-9.7,-7.6],[3.8,-4.7],[0,0],[5.8,-0.6]],"v":[[-65.7,-78.7],[-20.4,-168.7],[9.3,-178.3],[19.6,-168.3],[62.7,-80.4],[79.7,-68.6],[168.4,-58],[189.3,-30.9],[182.8,-16.8],[111.8,53.5],[108.7,63.7],[120.2,158.8],[97.5,186.8],[81.9,184.3],[8.2,143.7],[-9.2,143.2],[-85.6,182.8],[-117.5,172.9],[-120.5,158.7],[-114.6,115.6],[-78.4,58.567],[26.218,14.805],[24.118,10.005],[-99.344,35.341],[-146.1,15.9],[-180.9,-13],[-184.1,-47.7],[-168.3,-57.5],[-77.9,-69.2]],"c":true}]},{"t":107,"s":[{"i":[[-2.6,5.3],[0,0],[-10.5,-5],[-2,-4.2],[0,0],[-7.8,-1],[0,0],[1.5,-12.4],[3.6,-3.6],[0,0],[-0.5,-4],[0,0],[13.5,-1.7],[4.6,2.5],[0,0],[5.5,-2.9],[0,0],[5.6,11.1],[-0.8,5.6],[0,0],[-19,9.8],[0,0],[7.5,-1],[0,0],[12.7,10.4],[0,0],[-8.2,10.2],[-5.9,0.8],[0,0]],"o":[[0,0],[5.2,-10.1],[4.1,2],[0,0],[3.5,7.2],[0,0],[13.1,1.6],[-0.6,5.1],[0,0],[-2.9,2.9],[0,0],[1.7,13.7],[-5.1,0.6],[0,0],[-7,-3.6],[0,0],[-11,5.7],[-2.1,-4.2],[0,0],[3.2,-23.3],[0,0],[5.1,-3],[0,0],[-16.2,2.3],[0,0],[-9.7,-7.6],[3.8,-4.7],[0,0],[5.8,-0.6]],"v":[[-65.7,-78.7],[-20.4,-168.7],[9.3,-178.3],[19.6,-168.3],[62.7,-80.4],[79.7,-68.6],[168.4,-58],[189.3,-30.9],[182.8,-16.8],[111.8,53.5],[108.7,63.7],[120.2,158.8],[97.5,186.8],[81.9,184.3],[8.2,143.7],[-9.2,143.2],[-85.6,182.8],[-117.5,172.9],[-120.5,158.7],[-114.6,115.6],[-78.4,63],[2.5,20.9],[0.4,16.1],[-99.8,29.8],[-146.1,15.9],[-180.9,-13],[-184.1,-47.7],[-168.3,-57.5],[-77.9,-69.2]],"c":true}]}]},"nm":"Path 1","hd":false},{"ty":"gf","o":{"a":0,"k":100},"r":1,"bm":0,"g":{"p":3,"k":{"a":0,"k":[0,1,0.757,0.149,0.5,0.965,0.633,0.075,1,0.929,0.51,0]}},"s":{"a":0,"k":[-0.953,-180.679]},"e":{"a":0,"k":[1.58,188.35]},"t":1,"nm":"Gradient_meaT7JBx2M","hd":false},{"ty":"tr","p":{"a":0,"k":[0,0]},"a":{"a":0,"k":[0,0]},"s":{"a":0,"k":[100,100]},"r":{"a":0,"k":0},"o":{"a":0,"k":100},"sk":{"a":0,"k":0},"sa":{"a":0,"k":0},"nm":"Transform"}],"nm":"Back","bm":0,"hd":false}],"ip":0,"op":180,"st":0,"bm":0},{"ddd":0,"ind":6,"ty":4,"nm":"Circle 8","sr":1,"ks":{"o":{"a":1,"k":[{"i":{"x":[0.833],"y":[0.833]},"o":{"x":[0.167],"y":[0.167]},"t":75,"s":[0]},{"i":{"x":[0.833],"y":[1]},"o":{"x":[0.167],"y":[0.167]},"t":79,"s":[80]},{"i":{"x":[0.833],"y":[0.833]},"o":{"x":[0.3],"y":[0]},"t":89,"s":[70]},{"t":99,"s":[0]}]},"p":{"a":1,"k":[{"i":{"x":0.7,"y":1},"o":{"x":0.167,"y":0.167},"t":75,"s":[256,433,0],"to":[0,0,0],"ti":[0,0,0]},{"t":99,"s":[256,155,0]}]},"a":{"a":0,"k":[6,186,0]}},"ao":0,"shapes":[{"ty":"gr","it":[{"ind":0,"ty":"sh","ks":{"a":1,"k":[{"i":{"x":0.7,"y":1},"o":{"x":0.167,"y":0.167},"t":75,"s":[{"i":[[-97.754,0],[0,-19.882],[97.754,0],[0,19.882]],"o":[[97.754,0],[0,19.882],[-97.754,0],[0,-19.882]],"v":[[0,-36],[177,0],[0,36],[-177,0]],"c":true}]},{"t":99,"s":[{"i":[[-137.657,0],[0,-23.196],[137.657,0],[0,23.196]],"o":[[137.657,0],[0,23.196],[-137.657,0],[0,-23.196]],"v":[[0,-42],[249.25,0],[0,42],[-249.25,0]],"c":true}]}]},"nm":"Path 1","hd":false},{"ty":"st","c":{"a":0,"k":[0.949019607843,0.564705882353,0,1]},"o":{"a":0,"k":100},"w":{"a":1,"k":[{"i":{"x":[0.833],"y":[0.833]},"o":{"x":[0.167],"y":[0.167]},"t":75,"s":[30]},{"t":99,"s":[6]}]},"lc":1,"lj":1,"ml":4,"bm":0,"nm":"Stroke 1","hd":false},{"ty":"tr","p":{"a":0,"k":[6,206]},"a":{"a":0,"k":[0,0]},"s":{"a":0,"k":[100,100]},"r":{"a":0,"k":0},"o":{"a":0,"k":100},"sk":{"a":0,"k":0},"sa":{"a":0,"k":0},"nm":"Transform"}],"nm":"Ellipse 1","bm":0,"hd":false}],"ip":75,"op":100,"st":75,"bm":0},{"ddd":0,"ind":7,"ty":4,"nm":"Circle 7","sr":1,"ks":{"o":{"a":1,"k":[{"i":{"x":[0.833],"y":[0.833]},"o":{"x":[0.167],"y":[0.167]},"t":57,"s":[0]},{"i":{"x":[0.833],"y":[1]},"o":{"x":[0.167],"y":[0]},"t":61,"s":[80]},{"i":{"x":[0.833],"y":[0.833]},"o":{"x":[0.3],"y":[0]},"t":73,"s":[80]},{"t":83,"s":[0]}]},"p":{"a":1,"k":[{"i":{"x":0.7,"y":1},"o":{"x":0.167,"y":0.167},"t":57,"s":[256,443,0],"to":[0,0,0],"ti":[0,0,0]},{"t":83,"s":[256,115,0]}]},"a":{"a":0,"k":[6,186,0]}},"ao":0,"shapes":[{"ty":"gr","it":[{"ind":0,"ty":"sh","ks":{"a":1,"k":[{"i":{"x":0.7,"y":1},"o":{"x":0.167,"y":0.167},"t":57,"s":[{"i":[[-97.754,0],[0,-19.882],[97.754,0],[0,19.882]],"o":[[97.754,0],[0,19.882],[-97.754,0],[0,-19.882]],"v":[[0,-36],[177,0],[0,36],[-177,0]],"c":true}]},{"t":83,"s":[{"i":[[-137.657,0],[0,-23.196],[137.657,0],[0,23.196]],"o":[[137.657,0],[0,23.196],[-137.657,0],[0,-23.196]],"v":[[0,-42],[249.25,0],[0,42],[-249.25,0]],"c":true}]}]},"nm":"Path 1","hd":false},{"ty":"st","c":{"a":0,"k":[0.949019607843,0.564705882353,0,1]},"o":{"a":0,"k":100},"w":{"a":1,"k":[{"i":{"x":[0.833],"y":[0.833]},"o":{"x":[0.167],"y":[0.167]},"t":57,"s":[40]},{"t":83,"s":[6]}]},"lc":1,"lj":1,"ml":4,"bm":0,"nm":"Stroke 1","hd":false},{"ty":"tr","p":{"a":0,"k":[6,186]},"a":{"a":0,"k":[0,0]},"s":{"a":0,"k":[100,100]},"r":{"a":0,"k":0},"o":{"a":0,"k":100},"sk":{"a":0,"k":0},"sa":{"a":0,"k":0},"nm":"Transform"}],"nm":"Ellipse 1","bm":0,"hd":false}],"ip":57,"op":83,"st":57,"bm":0},{"ddd":0,"ind":8,"ty":4,"nm":"Circle 6","sr":1,"ks":{"o":{"a":1,"k":[{"i":{"x":[0.833],"y":[0.833]},"o":{"x":[0.167],"y":[0.167]},"t":35,"s":[0]},{"i":{"x":[0.833],"y":[1]},"o":{"x":[0.167],"y":[0]},"t":39,"s":[80]},{"i":{"x":[0.833],"y":[0.833]},"o":{"x":[0.3],"y":[0]},"t":51,"s":[80]},{"t":61,"s":[0]}]},"p":{"a":1,"k":[{"i":{"x":0.7,"y":1},"o":{"x":0.167,"y":0.167},"t":35,"s":[256,445,0],"to":[0,0,0],"ti":[0,0,0]},{"t":61,"s":[256,95,0]}]},"a":{"a":0,"k":[6,186,0]}},"ao":0,"shapes":[{"ty":"gr","it":[{"ind":0,"ty":"sh","ks":{"a":1,"k":[{"i":{"x":0.7,"y":1},"o":{"x":0.167,"y":0.167},"t":35,"s":[{"i":[[-97.754,0],[0,-19.882],[97.754,0],[0,19.882]],"o":[[97.754,0],[0,19.882],[-97.754,0],[0,-19.882]],"v":[[0,-36],[177,0],[0,36],[-177,0]],"c":true}]},{"t":61,"s":[{"i":[[-137.657,0],[0,-23.196],[137.657,0],[0,23.196]],"o":[[137.657,0],[0,23.196],[-137.657,0],[0,-23.196]],"v":[[0,-42],[249.25,0],[0,42],[-249.25,0]],"c":true}]}]},"nm":"Path 1","hd":false},{"ty":"st","c":{"a":0,"k":[0.949019607843,0.564705882353,0,1]},"o":{"a":0,"k":100},"w":{"a":1,"k":[{"i":{"x":[0.833],"y":[0.833]},"o":{"x":[0.167],"y":[0.167]},"t":35,"s":[50]},{"t":61,"s":[6]}]},"lc":1,"lj":1,"ml":4,"bm":0,"nm":"Stroke 1","hd":false},{"ty":"tr","p":{"a":0,"k":[6,186]},"a":{"a":0,"k":[0,0]},"s":{"a":0,"k":[100,100]},"r":{"a":0,"k":0},"o":{"a":0,"k":100},"sk":{"a":0,"k":0},"sa":{"a":0,"k":0},"nm":"Transform"}],"nm":"Ellipse 1","bm":0,"hd":false}],"ip":35,"op":61,"st":35,"bm":0},{"ddd":0,"ind":9,"ty":4,"nm":"Circle 5","sr":1,"ks":{"o":{"a":1,"k":[{"i":{"x":[0.833],"y":[0.833]},"o":{"x":[0.167],"y":[0.167]},"t":15,"s":[0]},{"i":{"x":[0.843],"y":[1]},"o":{"x":[0.167],"y":[0]},"t":20,"s":[80]},{"i":{"x":[0.833],"y":[0.833]},"o":{"x":[0.3],"y":[0]},"t":31,"s":[80]},{"t":41,"s":[0]}]},"p":{"a":1,"k":[{"i":{"x":0.7,"y":1},"o":{"x":0.167,"y":0.167},"t":15,"s":[256,453,0],"to":[0,0,0],"ti":[0,0,0]},{"t":41,"s":[256,95,0]}]},"a":{"a":0,"k":[6,186,0]}},"ao":0,"shapes":[{"ty":"gr","it":[{"ind":0,"ty":"sh","ks":{"a":1,"k":[{"i":{"x":0.7,"y":1},"o":{"x":0.167,"y":0.167},"t":15,"s":[{"i":[[-97.754,0],[0,-19.882],[97.754,0],[0,19.882]],"o":[[97.754,0],[0,19.882],[-97.754,0],[0,-19.882]],"v":[[0,-36],[177,0],[0,36],[-177,0]],"c":true}]},{"t":41,"s":[{"i":[[-137.657,0],[0,-23.196],[137.657,0],[0,23.196]],"o":[[137.657,0],[0,23.196],[-137.657,0],[0,-23.196]],"v":[[0,-42],[249.25,0],[0,42],[-249.25,0]],"c":true}]}]},"nm":"Path 1","hd":false},{"ty":"st","c":{"a":0,"k":[0.949019607843,0.564705882353,0,1]},"o":{"a":0,"k":100},"w":{"a":1,"k":[{"i":{"x":[0.833],"y":[0.833]},"o":{"x":[0.167],"y":[0.167]},"t":15,"s":[50]},{"t":41,"s":[6]}]},"lc":1,"lj":1,"ml":4,"bm":0,"nm":"Stroke 1","hd":false},{"ty":"tr","p":{"a":0,"k":[6,186]},"a":{"a":0,"k":[0,0]},"s":{"a":0,"k":[100,100]},"r":{"a":0,"k":0},"o":{"a":0,"k":100},"sk":{"a":0,"k":0},"sa":{"a":0,"k":0},"nm":"Transform"}],"nm":"Ellipse 1","bm":0,"hd":false}],"ip":15,"op":41,"st":15,"bm":0}]}