{"tgs":1,"v":"5.5.2","fr":60,"ip":0,"op":43,"w":512,"h":512,"nm":"Prem Star Appear 4","ddd":0,"assets":[],"layers":[{"ddd":0,"ind":1,"ty":4,"nm":"Shape Layer 10","sr":1,"ks":{"p":{"a":0,"k":[276,256,0]}},"ao":0,"shapes":[{"ty":"gr","it":[{"ind":0,"ty":"sh","ks":{"a":0,"k":{"i":[[89.527,-80.914],[-165.567,199.251],[-6.5,-184]],"o":[[-171.5,155],[145,-174.5],[1.033,29.232]],"v":[[-38,142.5],[-180.5,-116],[206,-58.5]],"c":false}},"nm":"Path 1","hd":false},{"ty":"tm","s":{"a":1,"k":[{"i":{"x":[0.833],"y":[0.833]},"o":{"x":[0.167],"y":[0.167]},"t":8,"s":[87]},{"i":{"x":[0.833],"y":[0.833]},"o":{"x":[0.167],"y":[0.167]},"t":15,"s":[60]},{"i":{"x":[0.833],"y":[0.833]},"o":{"x":[0.167],"y":[0.167]},"t":20,"s":[38]},{"t":23,"s":[10]}]},"e":{"a":1,"k":[{"i":{"x":[0.833],"y":[0.833]},"o":{"x":[0.167],"y":[0.167]},"t":2,"s":[100]},{"t":20,"s":[0]}]},"o":{"a":0,"k":0},"m":1,"nm":"Trim Paths 1","hd":false},{"ty":"st","c":{"a":0,"k":[1,0.811764705882,0.250980392157,1]},"o":{"a":0,"k":100},"w":{"a":1,"k":[{"i":{"x":[0.833],"y":[0.833]},"o":{"x":[0.167],"y":[0.167]},"t":2,"s":[10]},{"i":{"x":[0.833],"y":[0.833]},"o":{"x":[0.167],"y":[0.167]},"t":18,"s":[5]},{"t":22,"s":[5]}]},"lc":2,"lj":2,"bm":0,"nm":"Stroke 1","hd":false},{"ty":"tr","p":{"a":0,"k":[14.5,-2.5]},"a":{"a":0,"k":[0,0]},"s":{"a":0,"k":[100,100]},"r":{"a":0,"k":0},"o":{"a":0,"k":100},"sk":{"a":0,"k":0},"sa":{"a":0,"k":0},"nm":"Transform"}],"nm":"Ellipse 1","bm":0,"hd":false}],"ip":10,"op":24,"st":2,"bm":0},{"ddd":0,"ind":2,"ty":4,"nm":"Shape Layer 9","sr":1,"ks":{"p":{"a":0,"k":[276,256,0]}},"ao":0,"shapes":[{"ty":"gr","it":[{"ind":0,"ty":"sh","ks":{"a":0,"k":{"i":[[89.527,-80.914],[-165.567,199.251],[-6.5,-184]],"o":[[-171.5,155],[145,-174.5],[1.033,29.232]],"v":[[-38,142.5],[-180.5,-116],[206,-58.5]],"c":false}},"nm":"Path 1","hd":false},{"ty":"tm","s":{"a":1,"k":[{"i":{"x":[0.833],"y":[0.833]},"o":{"x":[0.167],"y":[0.167]},"t":7,"s":[87]},{"i":{"x":[0.833],"y":[0.833]},"o":{"x":[0.167],"y":[0.167]},"t":14,"s":[61.452]},{"i":{"x":[0.833],"y":[0.833]},"o":{"x":[0.167],"y":[0.167]},"t":19,"s":[35.632]},{"t":24,"s":[0]}]},"e":{"a":1,"k":[{"i":{"x":[0.833],"y":[0.833]},"o":{"x":[0.167],"y":[0.167]},"t":1,"s":[100]},{"t":19,"s":[0]}]},"o":{"a":0,"k":0},"m":1,"nm":"Trim Paths 1","hd":false},{"ty":"st","c":{"a":0,"k":[1,0.811764705882,0.250980392157,1]},"o":{"a":0,"k":100},"w":{"a":1,"k":[{"i":{"x":[0.833],"y":[0.833]},"o":{"x":[0.167],"y":[0.167]},"t":1,"s":[10]},{"t":19,"s":[10]}]},"lc":2,"lj":2,"bm":0,"nm":"Stroke 1","hd":false},{"ty":"tr","p":{"a":0,"k":[14.5,-2.5]},"a":{"a":0,"k":[0,0]},"s":{"a":0,"k":[100,100]},"r":{"a":0,"k":0},"o":{"a":0,"k":100},"sk":{"a":0,"k":0},"sa":{"a":0,"k":0},"nm":"Transform"}],"nm":"Ellipse 1","bm":0,"hd":false}],"ip":2,"op":24,"st":1,"bm":0},{"ddd":0,"ind":3,"ty":4,"nm":"Shape Layer 8","sr":1,"ks":{"p":{"a":0,"k":[276,256,0]}},"ao":0,"shapes":[{"ty":"gr","it":[{"ind":0,"ty":"sh","ks":{"a":0,"k":{"i":[[89.527,-80.914],[-165.567,199.251],[-6.5,-184]],"o":[[-171.5,155],[145,-174.5],[1.033,29.232]],"v":[[-38,142.5],[-180.5,-116],[206,-58.5]],"c":false}},"nm":"Path 1","hd":false},{"ty":"tm","s":{"a":1,"k":[{"i":{"x":[0.833],"y":[0.833]},"o":{"x":[0.167],"y":[0.167]},"t":4,"s":[94]},{"i":{"x":[0.833],"y":[0.833]},"o":{"x":[0.167],"y":[0.167]},"t":17,"s":[40.632]},{"i":{"x":[0.833],"y":[0.833]},"o":{"x":[0.167],"y":[0.167]},"t":22,"s":[10.895]},{"t":24,"s":[0]}]},"e":{"a":1,"k":[{"i":{"x":[0.833],"y":[0.833]},"o":{"x":[0.167],"y":[0.167]},"t":-1,"s":[100]},{"t":17,"s":[0]}]},"o":{"a":0,"k":0},"m":1,"nm":"Trim Paths 1","hd":false},{"ty":"st","c":{"a":0,"k":[1,0.811764705882,0.250980392157,1]},"o":{"a":0,"k":100},"w":{"a":1,"k":[{"i":{"x":[0.833],"y":[0.833]},"o":{"x":[0.167],"y":[0.167]},"t":-1,"s":[10]},{"i":{"x":[0.833],"y":[0.833]},"o":{"x":[0.167],"y":[0.167]},"t":17,"s":[20]},{"t":23,"s":[30]}]},"lc":2,"lj":2,"bm":0,"nm":"Stroke 1","hd":false},{"ty":"tr","p":{"a":0,"k":[14.5,-2.5]},"a":{"a":0,"k":[0,0]},"s":{"a":0,"k":[100,100]},"r":{"a":0,"k":0},"o":{"a":0,"k":100},"sk":{"a":0,"k":0},"sa":{"a":0,"k":0},"nm":"Transform"}],"nm":"Ellipse 1","bm":0,"hd":false}],"ip":2,"op":24,"st":-1,"bm":0},{"ddd":0,"ind":4,"ty":4,"nm":"Shape Layer 7","sr":1,"ks":{"p":{"a":0,"k":[276,256,0]}},"ao":0,"shapes":[{"ty":"gr","it":[{"ind":0,"ty":"sh","ks":{"a":0,"k":{"i":[[89.527,-80.914],[-165.567,199.251],[-6.5,-184]],"o":[[-171.5,155],[145,-174.5],[1.033,29.232]],"v":[[-38,142.5],[-180.5,-116],[206,-58.5]],"c":false}},"nm":"Path 1","hd":false},{"ty":"tm","s":{"a":1,"k":[{"i":{"x":[0.833],"y":[0.833]},"o":{"x":[0.167],"y":[0.167]},"t":-3,"s":[100]},{"i":{"x":[0.833],"y":[0.833]},"o":{"x":[0.167],"y":[0.167]},"t":3,"s":[89]},{"t":23,"s":[2]}]},"e":{"a":1,"k":[{"i":{"x":[0.833],"y":[0.833]},"o":{"x":[0.167],"y":[0.167]},"t":-3,"s":[100]},{"i":{"x":[0.833],"y":[0.833]},"o":{"x":[0.167],"y":[0.167]},"t":1,"s":[90]},{"t":15,"s":[0]}]},"o":{"a":0,"k":0},"m":1,"nm":"Trim Paths 1","hd":false},{"ty":"st","c":{"a":0,"k":[1,0.811764705882,0.250980392157,1]},"o":{"a":0,"k":100},"w":{"a":1,"k":[{"i":{"x":[0.833],"y":[0.833]},"o":{"x":[0.167],"y":[0.167]},"t":0,"s":[5]},{"t":18,"s":[40]}]},"lc":2,"lj":2,"bm":0,"nm":"Stroke 1","hd":false},{"ty":"tr","p":{"a":0,"k":[14.5,-2.5]},"a":{"a":0,"k":[0,0]},"s":{"a":0,"k":[100,100]},"r":{"a":0,"k":0},"o":{"a":0,"k":100},"sk":{"a":0,"k":0},"sa":{"a":0,"k":0},"nm":"Transform"}],"nm":"Ellipse 1","bm":0,"hd":false}],"ip":1,"op":24,"st":-3,"bm":0},{"ddd":0,"ind":5,"ty":4,"nm":"Shape Layer 6","sr":1,"ks":{"p":{"a":0,"k":[276,256,0]}},"ao":0,"shapes":[{"ty":"gr","it":[{"ind":0,"ty":"sh","ks":{"a":0,"k":{"i":[[88.709,-81.81],[-165.567,199.251],[-6.5,-184]],"o":[[-180,166],[145,-174.5],[1.033,29.232]],"v":[[-27,133],[-180.5,-116],[206,-58.5]],"c":false}},"nm":"Path 1","hd":false},{"ty":"tm","s":{"a":1,"k":[{"i":{"x":[0.833],"y":[0.833]},"o":{"x":[0.167],"y":[0.167]},"t":-3,"s":[100]},{"i":{"x":[0.833],"y":[0.833]},"o":{"x":[0.167],"y":[0.167]},"t":4,"s":[82]},{"i":{"x":[0.833],"y":[0.833]},"o":{"x":[0.167],"y":[0.167]},"t":17,"s":[5.857]},{"t":20,"s":[4]}]},"e":{"a":1,"k":[{"i":{"x":[0.833],"y":[0.833]},"o":{"x":[0.167],"y":[0.167]},"t":-3,"s":[100]},{"i":{"x":[0.833],"y":[0.833]},"o":{"x":[0.167],"y":[0.167]},"t":1,"s":[90]},{"t":15,"s":[0]}]},"o":{"a":0,"k":0},"m":1,"nm":"Trim Paths 1","hd":false},{"ty":"st","c":{"a":0,"k":[1,0.811764705882,0.250980392157,1]},"o":{"a":0,"k":100},"w":{"a":1,"k":[{"i":{"x":[0.833],"y":[0.833]},"o":{"x":[0.167],"y":[0.167]},"t":0,"s":[5]},{"i":{"x":[0.833],"y":[0.833]},"o":{"x":[0.167],"y":[0.167]},"t":17,"s":[50]},{"t":20,"s":[55]}]},"lc":2,"lj":2,"bm":0,"nm":"Stroke 1","hd":false},{"ty":"tr","p":{"a":0,"k":[14.5,-2.5]},"a":{"a":0,"k":[0,0]},"s":{"a":0,"k":[100,100]},"r":{"a":0,"k":0},"o":{"a":0,"k":100},"sk":{"a":0,"k":0},"sa":{"a":0,"k":0},"nm":"Transform"}],"nm":"Ellipse 1","bm":0,"hd":false}],"ip":1,"op":24,"st":-3,"bm":0},{"ddd":0,"ind":6,"ty":4,"nm":"Star Main","sr":1,"ks":{"r":{"a":1,"k":[{"i":{"x":[0.69],"y":[1]},"o":{"x":[0.5],"y":[0]},"t":15,"s":[27]},{"i":{"x":[0.69],"y":[1]},"o":{"x":[0.31],"y":[0]},"t":31,"s":[-5]},{"i":{"x":[0.69],"y":[1]},"o":{"x":[0.31],"y":[0]},"t":37,"s":[2]},{"t":42,"s":[0]}]},"p":{"a":1,"k":[{"i":{"x":0.69,"y":1},"o":{"x":0.31,"y":0},"t":15,"s":[213.061,450.015,0],"to":[1.439,-27.015,0],"ti":[0,0,0]},{"i":{"x":0.69,"y":1},"o":{"x":0.31,"y":0},"t":23,"s":[256.061,414.015,0],"to":[0,0,0],"ti":[0,0,0]},{"i":{"x":0.69,"y":1},"o":{"x":0.31,"y":0},"t":29,"s":[256.061,453.015,0],"to":[0,0,0],"ti":[0,0,0]},{"t":35,"s":[256.061,443.015,0]}]},"a":{"a":0,"k":[0.061,187.015,0]},"s":{"a":1,"k":[{"i":{"x":[0.4,0.4,0.4],"y":[1,1,1]},"o":{"x":[0.167,0.167,0.167],"y":[0.167,0.167,0]},"t":14,"s":[0,31,100]},{"i":{"x":[0.69,0.69,0.69],"y":[1,1,1]},"o":{"x":[0.6,0.6,0.6],"y":[0,0,0]},"t":23,"s":[65,110,100]},{"i":{"x":[0.69,0.69,0.69],"y":[1,1,1]},"o":{"x":[0.31,0.31,0.31],"y":[0,0,0]},"t":29,"s":[110,91,100]},{"i":{"x":[0.69,0.69,0.69],"y":[1,1,1]},"o":{"x":[0.31,0.31,0.31],"y":[0,0,0]},"t":35,"s":[97,103,100]},{"t":41,"s":[100,100,100]}]}},"ao":0,"shapes":[{"ty":"gr","it":[{"ind":0,"ty":"sh","ks":{"a":1,"k":[{"i":{"x":0.833,"y":0.833},"o":{"x":0.167,"y":0.167},"t":15,"s":[{"i":[[-17.673,2.71],[0,0],[-16.014,1.341],[-10.257,0.284],[0,0],[-16.507,-3.751],[0,0],[2.623,-12.415],[6.465,-3.6],[0,0],[1.121,-1.846],[11.851,-3.575],[6.644,0.036],[2.034,0.227],[0,0],[2.687,-0.208],[0,0],[-3.31,0.746],[-0.391,0.401],[0,0],[2.875,6.851],[0,0],[0.231,0.112],[0,0],[26.149,9.441],[0,0],[-14.753,10.161],[-10.596,0.8],[0,0]],"o":[[0,0],[14.088,-2.722],[18.334,-1.306],[0,0],[25.112,1.694],[0,0],[23.526,1.6],[-1.078,5.1],[0,0],[-1.246,1.344],[0,0],[-1.892,0.571],[-2.507,-0.013],[0,0],[-3.42,-0.258],[0,0],[-5.374,0.408],[2.775,-0.625],[0,0],[-0.804,-1.352],[0,0],[-1.012,-0.292],[0,0],[-10.953,-5.593],[0,0],[-17.42,-7.6],[6.824,-4.7],[0,0],[10.416,-0.6]],"v":[[-140.649,-77.791],[-81.992,-87.39],[-28.497,-92.142],[3.159,-92.638],[137.591,-82.067],[186.749,-73.468],[296.256,-43.18],[343.045,-15.101],[322.117,-1.98],[189.95,41.041],[186.474,45.731],[70.519,74.074],[55.167,75.71],[50.123,75.458],[41.573,74.314],[33.073,74.279],[17.416,76.073],[2.992,75.343],[5.816,74.074],[5.642,70.854],[-86.606,65.387],[-175.827,52.193],[-182.432,47.536],[-201.879,37.97],[-271.291,16.563],[-306.556,0.925],[-312.799,-32.093],[-283.928,-43.575],[-181.354,-70.262]],"c":true}]},{"i":{"x":0.4,"y":1},"o":{"x":0.167,"y":0.167},"t":20,"s":[{"i":[[-2.6,5.3],[0,0],[-10.5,-5],[-2,-4.2],[0,0],[-7.8,-1],[0,0],[1.5,-12.4],[3.6,-3.6],[0,0],[2.255,-3.776],[25.706,-59.603],[12.564,0.386],[3.846,3.175],[0,0],[5.081,-2.9],[0,0],[-1.872,12.014],[-0.739,5.6],[4.775,19.69],[2.875,6.851],[0,0],[0.129,0.112],[0,0],[14.56,9.441],[0,0],[-8.2,10.2],[-5.9,0.8],[0,0]],"o":[[0,0],[5.2,-10.1],[4.1,2],[0,0],[3.5,7.2],[0,0],[11.084,6.278],[-0.6,5.1],[0,0],[-2.9,2.9],[0,0],[-3.462,8.027],[-4.741,-0.188],[0,0],[-6.467,-3.6],[0,0],[-7.267,9.107],[1.57,-10.072],[0,0],[-5.061,-20.871],[0,0],[-0.563,-0.292],[0,0],[-6.099,-5.593],[0,0],[-9.7,-7.6],[3.8,-4.7],[0,0],[5.8,-0.6]],"v":[[-76.222,-77.791],[-20.4,-168.7],[9.3,-178.3],[19.6,-168.3],[78.709,-82.067],[95.709,-70.267],[167.058,-43.18],[187.958,-16.08],[181.458,-1.98],[116.268,53.887],[102.406,71.097],[58.417,157.926],[29.386,180.795],[19.848,177.263],[3.68,161.288],[-12.393,160.788],[-38.773,179.616],[-61.983,180.846],[-59.716,156.422],[-62.437,115.309],[-86.606,65.387],[-95.81,52.193],[-99.488,47.536],[-110.317,37.97],[-144.389,15.255],[-168.603,0.925],[-171.803,-33.775],[-156.003,-43.575],[-88.422,-68.291]],"c":true}]},{"i":{"x":0.4,"y":1},"o":{"x":0.167,"y":0},"t":29,"s":[{"i":[[-2.6,5.3],[0,0],[-10.5,-5],[-2,-4.2],[0,0],[-7.8,-1],[0,0],[1.5,-12.4],[3.6,-3.6],[0,0],[-0.5,-4],[0,0],[13.5,-1.7],[4.6,2.5],[0,0],[5.5,-2.9],[0,0],[5.6,11.1],[-0.8,5.6],[0,0],[-19,9.8],[0,0],[7.5,-1],[0,0],[12.7,10.4],[0,0],[-8.2,10.2],[-5.9,0.8],[0,0]],"o":[[0,0],[5.2,-10.1],[4.1,2],[0,0],[3.5,7.2],[0,0],[13.1,1.6],[-0.6,5.1],[0,0],[-2.9,2.9],[0,0],[1.7,13.7],[-5.1,0.6],[0,0],[-7,-3.6],[0,0],[-11,5.7],[-2.1,-4.2],[0,0],[3.2,-23.3],[0,0],[5.1,-3],[0,0],[-16.2,2.3],[0,0],[-9.7,-7.6],[3.8,-4.7],[0,0],[5.8,-0.6]],"v":[[-65.7,-78.7],[-20.4,-168.7],[9.3,-178.3],[19.6,-168.3],[62.7,-80.4],[79.7,-68.6],[168.4,-58],[189.3,-30.9],[182.8,-16.8],[111.8,53.5],[108.7,63.7],[120.2,158.8],[97.5,186.8],[81.9,184.3],[8.2,143.7],[-9.2,143.2],[-85.6,182.8],[-117.5,172.9],[-120.5,158.7],[-114.6,115.6],[-78.4,63],[2.5,20.9],[0.4,16.1],[-99.8,29.8],[-146.1,15.9],[-180.9,-13],[-184.1,-47.7],[-168.3,-57.5],[-77.9,-69.2]],"c":true}]},{"t":42,"s":[{"i":[[-2.6,5.3],[0,0],[-10.5,-5],[-2,-4.2],[0,0],[-7.8,-1],[0,0],[1.5,-12.4],[3.6,-3.6],[0,0],[-0.5,-4],[0,0],[13.5,-1.7],[4.6,2.5],[0,0],[5.5,-2.9],[0,0],[5.6,11.1],[-0.8,5.6],[0,0],[-19,9.8],[0,0],[7.5,-1],[0,0],[12.7,10.4],[0,0],[-8.2,10.2],[-5.9,0.8],[0,0]],"o":[[0,0],[5.2,-10.1],[4.1,2],[0,0],[3.5,7.2],[0,0],[13.1,1.6],[-0.6,5.1],[0,0],[-2.9,2.9],[0,0],[1.7,13.7],[-5.1,0.6],[0,0],[-7,-3.6],[0,0],[-11,5.7],[-2.1,-4.2],[0,0],[3.2,-23.3],[0,0],[5.1,-3],[0,0],[-16.2,2.3],[0,0],[-9.7,-7.6],[3.8,-4.7],[0,0],[5.8,-0.6]],"v":[[-65.7,-78.7],[-20.4,-168.7],[9.3,-178.3],[19.6,-168.3],[62.7,-80.4],[79.7,-68.6],[168.4,-58],[189.3,-30.9],[182.8,-16.8],[111.8,53.5],[108.7,63.7],[120.2,158.8],[97.5,186.8],[81.9,184.3],[8.2,143.7],[-9.2,143.2],[-85.6,182.8],[-117.5,172.9],[-120.5,158.7],[-114.6,115.6],[-78.4,63],[2.5,20.9],[0.4,16.1],[-99.8,29.8],[-146.1,15.9],[-180.9,-13],[-184.1,-47.7],[-168.3,-57.5],[-77.9,-69.2]],"c":true}]}]},"nm":"Path 1","hd":false},{"ty":"gs","o":{"a":0,"k":100},"w":{"a":0,"k":6},"g":{"p":3,"k":{"a":1,"k":[{"i":{"x":0.833,"y":0.833},"o":{"x":0.167,"y":0.167},"t":23,"s":[0,0.882,0.486,0,0.5,0.882,0.486,0,1,0.882,0.486,0]},{"t":32,"s":[0,0.914,0.553,0.188,0.5,0.898,0.48,0.106,1,0.882,0.408,0.024]}]}},"s":{"a":0,"k":[-1,-171]},"e":{"a":0,"k":[1.73,184.29]},"t":1,"lc":2,"lj":2,"bm":0,"nm":"Gradient_SNQ0np4KuX","hd":false},{"ty":"tr","p":{"a":0,"k":[0,0]},"a":{"a":0,"k":[0,0]},"s":{"a":0,"k":[100,100]},"r":{"a":0,"k":0},"o":{"a":0,"k":100},"sk":{"a":0,"k":0},"sa":{"a":0,"k":0},"nm":"Transform"}],"nm":"Outline","bm":0,"hd":false},{"ty":"gr","it":[{"ind":0,"ty":"sh","ks":{"a":1,"k":[{"i":{"x":0.833,"y":0.833},"o":{"x":0.167,"y":0.167},"t":15,"s":[{"i":[[0,0],[0,0],[-36.33,4.522],[0,0]],"o":[[0,0],[17.779,-1.4],[0,0],[0,0]],"v":[[-273.512,-19.075],[-174.366,-49.603],[-104.372,-62.891],[-39.085,-75.879]],"c":false}]},{"i":{"x":0.4,"y":1},"o":{"x":0.167,"y":0.167},"t":20,"s":[{"i":[[0,0],[0,0],[-5.3,8.6],[0,0]],"o":[[0,0],[9.9,-1.4],[0,0],[0,0]],"v":[[-150.203,-19.075],[-81.722,-44.991],[-56.022,-62.891],[-0.1,-152.2]],"c":false}]},{"i":{"x":0.71,"y":1},"o":{"x":0.167,"y":0},"t":29,"s":[{"i":[[0,0],[0,0],[-5.3,8.6],[0,0]],"o":[[0,0],[9.9,-1.4],[0,0],[0,0]],"v":[[-162.5,-33],[-71.2,-45.9],[-45.5,-63.8],[-0.1,-152.2]],"c":false}]},{"t":42,"s":[{"i":[[0,0],[0,0],[-5.3,8.6],[0,0]],"o":[[0,0],[9.9,-1.4],[0,0],[0,0]],"v":[[-166.75,-33.375],[-72.95,-47.275],[-46.75,-65.3],[-4.1,-157.45]],"c":false}]}]},"nm":"Path 1","hd":false},{"ty":"st","c":{"a":0,"k":[1,1,1,1]},"o":{"a":0,"k":100},"w":{"a":0,"k":17},"lc":2,"lj":2,"bm":0,"nm":"Stroke 1","hd":false},{"ty":"tr","p":{"a":0,"k":[0,0]},"a":{"a":0,"k":[0,0]},"s":{"a":0,"k":[100,100]},"r":{"a":0,"k":0},"o":{"a":0,"k":100},"sk":{"a":0,"k":0},"sa":{"a":0,"k":0},"nm":"Transform"}],"nm":"Blik","bm":0,"hd":false},{"ty":"gr","it":[{"ind":0,"ty":"sh","ks":{"a":1,"k":[{"i":{"x":0.833,"y":0.833},"o":{"x":0.167,"y":0.167},"t":15,"s":[{"i":[[0,0],[55.022,6.372],[0,0],[2.694,0.7],[3.412,-3.9],[0,0],[17.959,-1.3],[0,0],[2.873,-2.1],[-7.722,-3.6],[0,0],[-5.085,-1.946],[0,0],[-8.765,-5.745],[-0.866,-0.705],[-1.882,28.19]],"o":[[-21.73,-1.5],[0,0],[-1.437,-1.6],[-4.849,-1.2],[0,0],[-32.169,5.823],[0,0],[-4.669,0.3],[-5.029,3.8],[0,0],[17.241,7.9],[0,0],[6.558,2.326],[1.04,0.682],[203.83,16.76],[0,0]],"v":[[182.69,-57.05],[110.832,-74.467],[-27.771,-81.679],[-34.416,-85.179],[-52.195,-81.679],[-116.405,-69.091],[-181.909,-57.104],[-274.589,-27.475],[-286.622,-24.075],[-281.773,-8.875],[-243.873,4.6],[-208.97,18.574],[-190.976,24.057],[-159.587,37.26],[-156.816,39.353],[245.018,-28.028]],"c":true}]},{"i":{"x":0.4,"y":1},"o":{"x":0.167,"y":0.167},"t":20,"s":[{"i":[[0,0],[5.4,11],[0,0],[1.5,0.7],[1.9,-3.9],[0,0],[10,-1.3],[0,0],[1.6,-2.1],[-4.3,-3.6],[0,0],[-2.832,-1.946],[0,0],[-4.898,-5.697],[-0.482,-0.705],[-15.839,21.145]],"o":[[-12.1,-1.5],[0,0],[-0.8,-1.6],[-2.7,-1.2],[0,0],[-4.5,9],[0,0],[-2.6,0.3],[-2.8,3.8],[0,0],[9.6,7.9],[0,0],[3.652,2.326],[0.579,0.682],[64.215,-7.031],[0,0]],"v":[[91.909,-54.167],[63.809,-74.467],[6.2,-158],[2.5,-161.5],[-7.4,-158],[-62.722,-69.091],[-85.922,-52.491],[-150.803,-27.475],[-157.503,-24.075],[-154.803,-8.875],[-133.7,4.6],[-114.265,18.574],[-104.246,24.057],[-86.767,37.26],[-85.224,39.353],[118.293,-39.855]],"c":true}]},{"i":{"x":0.71,"y":1},"o":{"x":0.167,"y":0},"t":29,"s":[{"i":[[0,0],[5.4,11],[0,0],[3.25,-0.25],[1.9,-3.9],[0,0],[10,-1.3],[0,0],[1.6,-2.1],[-4.3,-3.6],[0,0],[-12.3,1.7],[0,0],[-3.4,-6.7],[-0.3,-0.8],[-31.1,21.1]],"o":[[-12.1,-1.5],[0,0],[-1.325,-3.625],[-4,-0.75],[0,0],[-4.5,9],[0,0],[-2.6,0.3],[-2.8,3.8],[0,0],[9.6,7.9],[0,0],[7.5,-1.1],[0.4,0.8],[27,-15.7],[0,0]],"v":[[77.4,-53.75],[49.05,-75.3],[10.075,-156.125],[1.625,-161.25],[-8.15,-156],[-52.575,-71.375],[-76.15,-53.65],[-165.6,-42.025],[-173.05,-38.25],[-173.1,-23.175],[-138.95,4.35],[-99.2,12.7],[3.7,-0.3],[21.9,9.2],[22.9,11.6],[118.35,-48.3]],"c":true}]},{"t":42,"s":[{"i":[[0,0],[5.4,11],[0,0],[3.25,-0.25],[1.9,-3.9],[0,0],[10,-1.3],[0,0],[1.6,-2.1],[-4.3,-3.6],[0,0],[-12.3,1.7],[0,0],[-3.4,-6.7],[-0.3,-0.8],[-31.1,21.1]],"o":[[-12.1,-1.5],[0,0],[-1.325,-3.625],[-4,-0.75],[0,0],[-4.5,9],[0,0],[-2.6,0.3],[-2.8,3.8],[0,0],[9.6,7.9],[0,0],[7.5,-1.1],[0.4,0.8],[27,-15.7],[0,0]],"v":[[77.65,-55.125],[50.8,-75.675],[10.825,-157.375],[1.5,-162.375],[-10.275,-157.25],[-53.825,-72.375],[-77.4,-55.275],[-165.6,-43.275],[-173.8,-38.5],[-173.6,-23.175],[-140.575,4.975],[-97.95,14.2],[3.45,1.825],[21.15,10.45],[22.15,12.85],[118.975,-50.8]],"c":true}]}]},"nm":"Path 1","hd":false},{"ty":"fl","c":{"a":0,"k":[1,0.929411764706,0.564705882353,1]},"o":{"a":0,"k":100},"r":1,"bm":0,"nm":"Fill 1","hd":false},{"ty":"tr","p":{"a":0,"k":[0,0]},"a":{"a":0,"k":[0,0]},"s":{"a":0,"k":[100,100]},"r":{"a":0,"k":0},"o":{"a":0,"k":38},"sk":{"a":0,"k":0},"sa":{"a":0,"k":0},"nm":"Transform"}],"nm":"Shine","bm":0,"hd":false},{"ty":"gr","it":[{"ind":0,"ty":"sh","ks":{"a":1,"k":[{"i":{"x":0.833,"y":0.833},"o":{"x":0.167,"y":0.167},"t":15,"s":[{"i":[[-0.092,0.461],[0,0],[-2.719,2.809],[0,0],[0,2.1],[8.8,0.6],[0,0],[51.191,7.154],[0,0],[2.873,0.7],[3.412,-4],[0,0],[17.959,-1.3],[0,0],[2.886,-2.083],[-7.722,-3.6],[0,0],[-5.406,-1.902],[0,0],[-8.796,-5.697],[-3.973,-2.929],[0,0],[-0.488,-1.081],[0,0],[-1.45,-0.196],[-2.149,0.157],[0,0],[-4.445,-0.358],[0,0],[-1.148,0.014]],"o":[[0,0],[1.878,-4.267],[0,0],[2.694,-1.5],[0,-5.1],[0,0],[-21.73,-1.5],[0,0],[-1.437,-1.6],[-3.771,-1],[0,0],[-30.554,4.657],[0,0],[-4.669,0.3],[-4.849,3.5],[0,0],[17.241,7.9],[0,0],[5.678,2.823],[10.603,3.408],[0,0],[4.645,12.652],[0,0],[-0.147,0.136],[1.612,0.265],[0,0],[5.08,-0.379],[0,0],[0.932,0.101],[2.503,-0.03]],"v":[[64.195,72.215],[177.994,44.5],[184.864,33.361],[296.795,-11.78],[300.925,-18.48],[261.137,-23.524],[182.69,-57.05],[110.832,-74.467],[-27.771,-81.679],[-35.673,-85.279],[-50.938,-81.179],[-116.404,-69.091],[-181.909,-57.104],[-274.589,-27.475],[-286.622,-24.075],[-281.773,-8.875],[-243.873,4.6],[-207.471,18.866],[-190.976,24.057],[-159.587,37.261],[-136.69,47.793],[-64.2,72.692],[13.069,69.556],[12.085,72.762],[12.761,73.196],[15.105,73.455],[30.029,71.732],[44.782,71.775],[53.851,72.925],[57.494,73.08]],"c":true}]},{"i":{"x":0.833,"y":0.833},"o":{"x":0.167,"y":0.167},"t":16,"s":[{"i":[[-0.112,1.659],[0,0],[-3.455,3.467],[0,0],[0,2.1],[8.241,0.848],[0,0],[42.033,7.923],[0,0],[2.619,0.7],[3.11,-4],[0,0],[16.367,-1.3],[0,0],[2.629,-2.086],[-7.038,-3.6],[0,0],[-4.927,-1.902],[0,0],[-8.017,-5.697],[-3.62,-2.929],[0,0],[-1.473,-2.313],[0,0],[-1.754,-0.706],[-2.6,0.566],[0,0],[-5.376,-1.286],[0,0],[-1.388,0.039]],"o":[[0,0],[2.127,-5.109],[0,0],[2.455,-1.5],[0,-5.1],[0,0],[-19.804,-1.5],[0,0],[-1.309,-1.6],[-3.437,-1],[0,0],[-25.343,5.525],[0,0],[-4.255,0.3],[-4.419,3.5],[0,0],[15.712,7.9],[0,0],[5.174,2.823],[9.663,3.408],[0,0],[3.071,8.243],[0,0],[-0.177,0.489],[1.95,0.952],[0,0],[6.144,-1.363],[0,0],[1.127,0.362],[3.028,-0.108]],"v":[[60.819,87.225],[159.361,49.115],[168.087,36.031],[270.412,-10.661],[274.609,-18.265],[240.04,-24.461],[164.534,-56.473],[101.428,-74.467],[-20.977,-96.944],[-28.178,-100.544],[-42.09,-96.444],[-105.668,-69.091],[-162.711,-56.181],[-249.832,-27.475],[-260.798,-24.075],[-256.379,-8.875],[-221.839,4.6],[-188.663,18.866],[-173.63,24.057],[-145.023,37.261],[-124.897,48.199],[-36.323,70.093],[-1.336,79.918],[-1.646,90.105],[-0.829,91.665],[2.007,92.595],[20.057,86.403],[37.899,86.557],[48.867,90.69],[53.273,91.248]],"c":true}]},{"i":{"x":0.833,"y":0.833},"o":{"x":0.167,"y":0.167},"t":18,"s":[{"i":[[-0.15,4.053],[0,0],[-4.927,4.784],[0,0],[0,2.1],[7.124,1.344],[0,0],[23.716,9.462],[0,0],[2.109,0.7],[2.505,-4],[0,0],[13.184,-1.3],[0,0],[2.114,-2.093],[-5.669,-3.6],[0,0],[-3.969,-1.902],[0,0],[-6.457,-5.697],[-2.916,-2.929],[0,0],[-3.444,-4.777],[0,0],[-2.362,-1.726],[-3.5,1.383],[0,0],[-7.238,-3.143],[0,0],[-1.869,0.091]],"o":[[0,0],[2.624,-6.794],[0,0],[1.978,-1.5],[0,-5.1],[0,0],[-15.952,-1.5],[0,0],[-1.055,-1.6],[-2.769,-1],[0,0],[-14.922,7.263],[0,0],[-3.428,0.3],[-3.56,3.5],[0,0],[12.656,7.9],[0,0],[4.168,2.823],[7.784,3.408],[0,0],[-0.078,-0.576],[0,0],[-0.239,1.194],[2.625,2.326],[0,0],[8.272,-3.332],[0,0],[1.517,0.885],[4.076,-0.264]],"v":[[54.066,117.246],[122.095,58.344],[134.533,41.372],[217.646,-8.424],[221.977,-17.835],[197.845,-26.333],[128.222,-55.32],[82.618,-74.467],[-7.388,-127.472],[-13.189,-131.072],[-24.395,-126.972],[-84.195,-69.091],[-124.317,-54.336],[-200.318,-27.475],[-209.151,-24.075],[-205.591,-8.875],[-177.769,4.6],[-151.047,18.866],[-138.938,24.057],[-115.895,37.261],[-101.312,49.01],[-38.041,87.466],[-30.147,100.641],[-29.107,124.791],[-28.007,128.605],[-24.189,130.877],[0.111,115.745],[24.132,116.122],[38.899,126.222],[44.83,127.584]],"c":true}]},{"i":{"x":0.4,"y":1},"o":{"x":0.167,"y":0.167},"t":20,"s":[{"i":[[-0.189,6.447],[0,0],[-6.4,6.1],[0,0],[0,2.1],[6.007,1.84],[0,0],[5.4,11],[0,0],[1.6,0.7],[1.9,-4],[0,0],[10,-1.3],[0,0],[1.6,-2.1],[-4.3,-3.6],[0,0],[-3.01,-1.902],[0,0],[-4.898,-5.697],[-2.212,-2.929],[0,0],[-0.999,-15.106],[0,0],[-2.969,-2.745],[-4.4,2.2],[0,0],[-9.1,-5],[0,0],[-2.349,0.142]],"o":[[0,0],[3.122,-8.479],[0,0],[1.5,-1.5],[0,-5.1],[0,0],[-12.1,-1.5],[0,0],[-0.8,-1.6],[-2.1,-1],[0,0],[-4.5,9],[0,0],[-2.6,0.3],[-2.7,3.5],[0,0],[9.6,7.9],[0,0],[3.161,2.823],[5.904,3.408],[0,0],[4.645,12.652],[0,0],[-0.3,1.9],[3.3,3.7],[0,0],[10.4,-5.3],[0,0],[1.907,1.409],[5.125,-0.421]],"v":[[47.314,147.266],[84.83,67.573],[100.98,46.713],[164.88,-6.187],[169.345,-17.405],[155.65,-28.206],[91.909,-54.167],[63.809,-74.467],[6.2,-158],[1.8,-161.6],[-6.7,-157.5],[-62.722,-69.091],[-85.922,-52.491],[-150.803,-27.475],[-157.503,-24.075],[-154.803,-8.875],[-133.7,4.6],[-113.43,18.866],[-104.246,24.057],[-86.767,37.261],[-77.726,49.821],[-64.2,72.692],[-54.553,114.69],[-56.569,159.477],[-55.185,165.544],[-50.386,169.158],[-19.834,145.088],[10.366,145.688],[28.931,161.753],[36.387,163.92]],"c":true}]},{"i":{"x":0.71,"y":1},"o":{"x":0.167,"y":0},"t":29,"s":[{"i":[[0.8,6.4],[0,0],[-6.4,6.1],[0,0],[0,2.1],[4.9,0.6],[0,0],[5.4,11],[0,0],[5.603,0.192],[1.9,-4],[0,0],[10,-1.3],[0,0],[1.6,-2.1],[-6.444,-5.355],[0,0],[-12.3,1.7],[0,0],[-3.4,-6.7],[8.6,-4.4],[0,0],[2.4,-16.9],[0,0],[-1.3,-1.4],[-4.4,2.2],[0,0],[-9.1,-5],[0,0],[-2.3,0.5]],"o":[[0,0],[-1,-8],[0,0],[1.5,-1.5],[0,-5.1],[0,0],[-12.1,-1.5],[0,0],[-0.8,-1.6],[-6.29,-0.293],[0,0],[-4.5,9],[0,0],[-2.6,0.3],[-2.7,3.5],[0,0],[9.6,7.9],[0,0],[7.5,-1.1],[2.372,5.606],[0,0],[-15,7.7],[0,0],[-0.3,1.9],[3.3,3.7],[0,0],[10.4,-5.3],[0,0],[2.1,1.1],[5,-1.2]],"v":[[103.5,155.7],[91.8,62.9],[100,41.5],[168.7,-26.6],[171,-33.3],[162.7,-41.9],[75.9,-52.5],[47.8,-72.8],[10.083,-151.811],[2.285,-159.901],[-9.855,-153.617],[-52.2,-70],[-75.4,-53.4],[-163.1,-41.4],[-169.8,-38],[-168.799,-21.101],[-136.855,4.6],[-102.142,16.885],[-2.611,3.584],[16.317,10.171],[10.645,29.345],[-70.728,72.102],[-97.7,114.7],[-103.6,157.3],[-101.7,163.5],[-90.3,166.1],[-15.4,127.5],[14.8,128.1],[87.1,167.8],[94.8,168.8]],"c":true}]},{"t":42,"s":[{"i":[[0.8,6.4],[0,0],[-6.4,6.1],[0,0],[0,2.1],[4.9,0.6],[0,0],[5.4,11],[0,0],[5.603,0.192],[1.9,-4],[0,0],[10,-1.3],[0,0],[1.6,-2.1],[-6.444,-5.355],[0,0],[-12.3,1.7],[0,0],[-3.4,-6.7],[8.6,-4.4],[0,0],[2.4,-16.9],[0,0],[-1.3,-1.4],[-4.4,2.2],[0,0],[-9.1,-5],[0,0],[-2.3,0.5]],"o":[[0,0],[-1,-8],[0,0],[1.5,-1.5],[0,-5.1],[0,0],[-12.1,-1.5],[0,0],[-0.8,-1.6],[-6.29,-0.293],[0,0],[-4.5,9],[0,0],[-2.6,0.3],[-2.7,3.5],[0,0],[9.6,7.9],[0,0],[7.5,-1.1],[2.372,5.606],[0,0],[-15,7.7],[0,0],[-0.3,1.9],[3.3,3.7],[0,0],[10.4,-5.3],[0,0],[2.1,1.1],[5,-1.2]],"v":[[104.956,155.7],[93.256,62.9],[101.214,41.5],[170.763,-26.115],[173.063,-32.815],[162.579,-43.842],[76.143,-53.835],[49.499,-73.164],[10.811,-153.024],[2.164,-160.993],[-11.918,-154.83],[-53.414,-70.971],[-76.735,-56.434],[-163.221,-44.07],[-170.528,-38.243],[-169.284,-21.101],[-138.433,5.207],[-100.928,18.341],[-2.853,5.647],[15.589,11.384],[8.703,29.466],[-70.971,71.374],[-99.035,114.457],[-104.935,156.936],[-103.035,164.956],[-89.45,167.071],[-15.351,128.956],[14.849,129.556],[86.493,169.377],[94.193,170.377]],"c":true}]}]},"nm":"Path 1","hd":false},{"ty":"gf","o":{"a":0,"k":100},"r":1,"bm":0,"g":{"p":3,"k":{"a":1,"k":[{"i":{"x":0.71,"y":1},"o":{"x":0.167,"y":0.167},"t":23,"s":[0,1,0.812,0.251,0.5,1,0.812,0.251,1,1,0.812,0.251,0,1,0.5,1,1,1]},{"t":32,"s":[0,1,1,1,0.5,1,0.99,0.922,1,1,0.98,0.843,0,0,0.5,0.5,1,1]}]}},"s":{"a":0,"k":[55.415,47.417]},"e":{"a":0,"k":[-16.164,-59.226]},"t":1,"nm":"Gradient_JRZHY2LUuM","hd":false},{"ty":"tr","p":{"a":0,"k":[0,0]},"a":{"a":0,"k":[0,0]},"s":{"a":0,"k":[103,103]},"r":{"a":0,"k":0},"o":{"a":0,"k":48},"sk":{"a":0,"k":0},"sa":{"a":0,"k":0},"nm":"Transform"}],"nm":"Front 2","bm":0,"hd":false},{"ty":"gr","it":[{"ind":0,"ty":"sh","ks":{"a":1,"k":[{"i":{"x":0.833,"y":0.833},"o":{"x":0.167,"y":0.167},"t":15,"s":[{"i":[[-0.092,0.461],[0,0],[-2.719,2.809],[0,0],[0,2.1],[8.8,0.6],[0,0],[51.191,7.154],[0,0],[2.873,0.7],[3.412,-4],[0,0],[17.959,-1.3],[0,0],[2.886,-2.083],[-7.722,-3.6],[0,0],[-5.406,-1.902],[0,0],[-8.796,-5.697],[-3.973,-2.929],[0,0],[-0.488,-1.081],[0,0],[-1.45,-0.196],[-2.149,0.157],[0,0],[-4.445,-0.358],[0,0],[-1.148,0.014]],"o":[[0,0],[1.878,-4.267],[0,0],[2.694,-1.5],[0,-5.1],[0,0],[-21.73,-1.5],[0,0],[-1.437,-1.6],[-3.771,-1],[0,0],[-30.554,4.657],[0,0],[-4.669,0.3],[-4.849,3.5],[0,0],[17.241,7.9],[0,0],[5.678,2.823],[10.603,3.408],[0,0],[4.645,12.652],[0,0],[-0.147,0.136],[1.612,0.265],[0,0],[5.08,-0.379],[0,0],[0.932,0.101],[2.503,-0.03]],"v":[[64.195,72.215],[177.994,44.5],[184.864,33.361],[296.795,-11.78],[300.925,-18.48],[261.137,-23.524],[182.69,-57.05],[110.832,-74.467],[-27.771,-81.679],[-35.673,-85.279],[-50.938,-81.179],[-116.404,-69.091],[-181.909,-57.104],[-274.589,-27.475],[-286.622,-24.075],[-281.773,-8.875],[-243.873,4.6],[-207.471,18.866],[-190.976,24.057],[-159.587,37.261],[-136.69,47.793],[-64.2,72.692],[13.069,69.556],[12.085,72.762],[12.761,73.196],[15.105,73.455],[30.029,71.732],[44.782,71.775],[53.851,72.925],[57.494,73.08]],"c":true}]},{"i":{"x":0.833,"y":0.833},"o":{"x":0.167,"y":0.167},"t":16,"s":[{"i":[[-0.112,1.659],[0,0],[-3.455,3.467],[0,0],[0,2.1],[8.241,0.848],[0,0],[42.033,7.923],[0,0],[2.619,0.7],[3.11,-4],[0,0],[16.367,-1.3],[0,0],[2.629,-2.086],[-7.038,-3.6],[0,0],[-4.927,-1.902],[0,0],[-8.017,-5.697],[-3.62,-2.929],[0,0],[-1.473,-2.313],[0,0],[-1.754,-0.706],[-2.6,0.566],[0,0],[-5.376,-1.286],[0,0],[-1.388,0.039]],"o":[[0,0],[2.127,-5.109],[0,0],[2.455,-1.5],[0,-5.1],[0,0],[-19.804,-1.5],[0,0],[-1.309,-1.6],[-3.437,-1],[0,0],[-25.343,5.525],[0,0],[-4.255,0.3],[-4.419,3.5],[0,0],[15.712,7.9],[0,0],[5.174,2.823],[9.663,3.408],[0,0],[3.071,8.243],[0,0],[-0.177,0.489],[1.95,0.952],[0,0],[6.144,-1.363],[0,0],[1.127,0.362],[3.028,-0.108]],"v":[[60.819,87.225],[159.361,49.115],[168.087,36.031],[270.412,-10.661],[274.609,-18.265],[240.04,-24.461],[164.534,-56.473],[101.428,-74.467],[-20.977,-96.944],[-28.178,-100.544],[-42.09,-96.444],[-105.668,-69.091],[-162.711,-56.181],[-249.832,-27.475],[-260.798,-24.075],[-256.379,-8.875],[-221.839,4.6],[-188.663,18.866],[-173.63,24.057],[-145.023,37.261],[-124.897,48.199],[-36.323,70.093],[-1.336,79.918],[-1.646,90.105],[-0.829,91.665],[2.007,92.595],[20.057,86.403],[37.899,86.557],[48.867,90.69],[53.273,91.248]],"c":true}]},{"i":{"x":0.833,"y":0.833},"o":{"x":0.167,"y":0.167},"t":18,"s":[{"i":[[-0.15,4.053],[0,0],[-4.927,4.784],[0,0],[0,2.1],[7.124,1.344],[0,0],[23.716,9.462],[0,0],[2.109,0.7],[2.505,-4],[0,0],[13.184,-1.3],[0,0],[2.114,-2.093],[-5.669,-3.6],[0,0],[-3.969,-1.902],[0,0],[-6.457,-5.697],[-2.916,-2.929],[0,0],[-3.444,-4.777],[0,0],[-2.362,-1.726],[-3.5,1.383],[0,0],[-7.238,-3.143],[0,0],[-1.869,0.091]],"o":[[0,0],[2.624,-6.794],[0,0],[1.978,-1.5],[0,-5.1],[0,0],[-15.952,-1.5],[0,0],[-1.055,-1.6],[-2.769,-1],[0,0],[-14.922,7.263],[0,0],[-3.428,0.3],[-3.56,3.5],[0,0],[12.656,7.9],[0,0],[4.168,2.823],[7.784,3.408],[0,0],[-0.078,-0.576],[0,0],[-0.239,1.194],[2.625,2.326],[0,0],[8.272,-3.332],[0,0],[1.517,0.885],[4.076,-0.264]],"v":[[54.066,117.246],[122.095,58.344],[134.533,41.372],[217.646,-8.424],[221.977,-17.835],[197.845,-26.333],[128.222,-55.32],[82.618,-74.467],[-7.388,-127.472],[-13.189,-131.072],[-24.395,-126.972],[-84.195,-69.091],[-124.317,-54.336],[-200.318,-27.475],[-209.151,-24.075],[-205.591,-8.875],[-177.769,4.6],[-151.047,18.866],[-138.938,24.057],[-115.895,37.261],[-101.312,49.01],[-38.041,87.466],[-30.147,100.641],[-29.107,124.791],[-28.007,128.605],[-24.189,130.877],[0.111,115.745],[24.132,116.122],[38.899,126.222],[44.83,127.584]],"c":true}]},{"i":{"x":0.4,"y":1},"o":{"x":0.167,"y":0.167},"t":20,"s":[{"i":[[-0.189,6.447],[0,0],[-6.4,6.1],[0,0],[0,2.1],[6.007,1.84],[0,0],[5.4,11],[0,0],[1.6,0.7],[1.9,-4],[0,0],[10,-1.3],[0,0],[1.6,-2.1],[-4.3,-3.6],[0,0],[-3.01,-1.902],[0,0],[-4.898,-5.697],[-2.212,-2.929],[0,0],[-0.999,-15.106],[0,0],[-2.969,-2.745],[-4.4,2.2],[0,0],[-9.1,-5],[0,0],[-2.349,0.142]],"o":[[0,0],[3.122,-8.479],[0,0],[1.5,-1.5],[0,-5.1],[0,0],[-12.1,-1.5],[0,0],[-0.8,-1.6],[-2.1,-1],[0,0],[-4.5,9],[0,0],[-2.6,0.3],[-2.7,3.5],[0,0],[9.6,7.9],[0,0],[3.161,2.823],[5.904,3.408],[0,0],[4.645,12.652],[0,0],[-0.3,1.9],[3.3,3.7],[0,0],[10.4,-5.3],[0,0],[1.907,1.409],[5.125,-0.421]],"v":[[47.314,147.266],[84.83,67.573],[100.98,46.713],[164.88,-6.187],[169.345,-17.405],[155.65,-28.206],[91.909,-54.167],[63.809,-74.467],[6.2,-158],[1.8,-161.6],[-6.7,-157.5],[-62.722,-69.091],[-85.922,-52.491],[-150.803,-27.475],[-157.503,-24.075],[-154.803,-8.875],[-133.7,4.6],[-113.43,18.866],[-104.246,24.057],[-86.767,37.261],[-77.726,49.821],[-64.2,72.692],[-54.553,114.69],[-56.569,159.477],[-55.185,165.544],[-50.386,169.158],[-19.834,145.088],[10.366,145.688],[28.931,161.753],[36.387,163.92]],"c":true}]},{"i":{"x":0.71,"y":1},"o":{"x":0.167,"y":0},"t":29,"s":[{"i":[[0.8,6.4],[0,0],[-6.4,6.1],[0,0],[0,2.1],[4.9,0.6],[0,0],[5.4,11],[0,0],[5.603,0.192],[1.9,-4],[0,0],[10,-1.3],[0,0],[1.6,-2.1],[-6.444,-5.355],[0,0],[-12.3,1.7],[0,0],[-3.4,-6.7],[8.6,-4.4],[0,0],[2.4,-16.9],[0,0],[-1.3,-1.4],[-4.4,2.2],[0,0],[-9.1,-5],[0,0],[-2.3,0.5]],"o":[[0,0],[-1,-8],[0,0],[1.5,-1.5],[0,-5.1],[0,0],[-12.1,-1.5],[0,0],[-0.8,-1.6],[-6.29,-0.293],[0,0],[-4.5,9],[0,0],[-2.6,0.3],[-2.7,3.5],[0,0],[9.6,7.9],[0,0],[7.5,-1.1],[2.372,5.606],[0,0],[-15,7.7],[0,0],[-0.3,1.9],[3.3,3.7],[0,0],[10.4,-5.3],[0,0],[2.1,1.1],[5,-1.2]],"v":[[103.5,155.7],[91.8,62.9],[100,41.5],[168.7,-26.6],[171,-33.3],[162.7,-41.9],[75.9,-52.5],[47.8,-72.8],[10.083,-151.811],[2.285,-159.901],[-9.855,-153.617],[-52.2,-70],[-75.4,-53.4],[-163.1,-41.4],[-169.8,-38],[-168.799,-21.101],[-136.855,4.6],[-102.142,16.885],[-2.611,3.584],[16.317,10.171],[10.645,29.345],[-70.728,72.102],[-97.7,114.7],[-103.6,157.3],[-101.7,163.5],[-90.3,166.1],[-15.4,127.5],[14.8,128.1],[87.1,167.8],[94.8,168.8]],"c":true}]},{"t":42,"s":[{"i":[[0.8,6.4],[0,0],[-6.4,6.1],[0,0],[0,2.1],[4.9,0.6],[0,0],[5.4,11],[0,0],[5.603,0.192],[1.9,-4],[0,0],[10,-1.3],[0,0],[1.6,-2.1],[-6.444,-5.355],[0,0],[-12.3,1.7],[0,0],[-3.4,-6.7],[8.6,-4.4],[0,0],[2.4,-16.9],[0,0],[-1.3,-1.4],[-4.4,2.2],[0,0],[-9.1,-5],[0,0],[-2.3,0.5]],"o":[[0,0],[-1,-8],[0,0],[1.5,-1.5],[0,-5.1],[0,0],[-12.1,-1.5],[0,0],[-0.8,-1.6],[-6.29,-0.293],[0,0],[-4.5,9],[0,0],[-2.6,0.3],[-2.7,3.5],[0,0],[9.6,7.9],[0,0],[7.5,-1.1],[2.372,5.606],[0,0],[-15,7.7],[0,0],[-0.3,1.9],[3.3,3.7],[0,0],[10.4,-5.3],[0,0],[2.1,1.1],[5,-1.2]],"v":[[104.956,155.7],[93.256,62.9],[101.214,41.5],[170.763,-26.115],[173.063,-32.815],[162.579,-43.842],[76.143,-53.835],[49.499,-73.164],[10.811,-153.024],[2.164,-160.993],[-11.918,-154.83],[-53.414,-70.971],[-76.614,-54.978],[-163.1,-42.614],[-170.528,-38.243],[-169.284,-21.101],[-138.433,5.207],[-100.928,18.341],[-2.853,5.647],[15.589,11.384],[8.703,29.466],[-70.971,71.374],[-99.035,114.457],[-104.935,156.936],[-103.035,164.956],[-89.45,167.071],[-15.351,128.956],[14.849,129.556],[86.493,169.377],[94.193,170.377]],"c":true}]}]},"nm":"Path 1","hd":false},{"ty":"gf","o":{"a":0,"k":100},"r":1,"bm":0,"g":{"p":3,"k":{"a":1,"k":[{"i":{"x":0.833,"y":0.833},"o":{"x":0.167,"y":0.167},"t":23,"s":[0,1,0.812,0.251,0.5,1,0.812,0.251,1,1,0.812,0.251]},{"t":32,"s":[0,1,0.635,0,0.5,1,0.755,0.184,1,1,0.875,0.369]}]}},"s":{"a":0,"k":[93.279,197.903]},"e":{"a":0,"k":[-47.232,-173.304]},"t":1,"nm":"Gradient_4h8pNV3xa2","hd":false},{"ty":"tr","p":{"a":0,"k":[0,0]},"a":{"a":0,"k":[0,0]},"s":{"a":0,"k":[103,103]},"r":{"a":0,"k":0},"o":{"a":0,"k":100},"sk":{"a":0,"k":0},"sa":{"a":0,"k":0},"nm":"Transform"}],"nm":"Front","bm":0,"hd":false},{"ty":"gr","it":[{"ind":0,"ty":"sh","ks":{"a":1,"k":[{"i":{"x":0.833,"y":0.833},"o":{"x":0.167,"y":0.167},"t":15,"s":[{"i":[[-17.673,2.71],[0,0],[-16.014,1.341],[-10.257,0.284],[0,0],[-16.507,-3.751],[0,0],[2.623,-12.415],[6.465,-3.6],[0,0],[1.121,-1.846],[11.851,-3.575],[6.644,0.036],[2.034,0.227],[0,0],[2.687,-0.208],[0,0],[-3.31,0.746],[-0.391,0.401],[0,0],[2.875,6.851],[0,0],[0.231,0.112],[0,0],[26.149,9.441],[0,0],[-14.753,10.161],[-10.596,0.8],[0,0]],"o":[[0,0],[14.088,-2.722],[18.334,-1.306],[0,0],[25.112,1.694],[0,0],[23.526,1.6],[-1.078,5.1],[0,0],[-1.246,1.344],[0,0],[-1.892,0.571],[-2.507,-0.013],[0,0],[-3.419,-0.258],[0,0],[-5.374,0.408],[2.775,-0.625],[0,0],[-0.804,-1.352],[0,0],[-1.012,-0.292],[0,0],[-10.953,-5.593],[0,0],[-17.42,-7.6],[6.824,-4.7],[0,0],[10.416,-0.6]],"v":[[-140.649,-77.791],[-81.992,-87.39],[-28.497,-92.142],[3.159,-92.638],[137.591,-82.067],[186.749,-73.468],[296.256,-43.18],[333.79,-16.08],[322.117,-1.98],[189.95,41.041],[186.474,45.731],[70.519,74.074],[55.167,75.71],[50.123,75.458],[41.573,74.314],[33.073,74.279],[17.416,76.073],[2.992,75.343],[5.816,74.074],[5.642,70.854],[-86.606,65.387],[-175.827,52.193],[-182.432,47.536],[-201.879,37.97],[-271.291,16.563],[-306.556,0.925],[-312.799,-32.093],[-283.928,-43.575],[-181.354,-70.262]],"c":true}]},{"i":{"x":0.4,"y":1},"o":{"x":0.167,"y":0.167},"t":20,"s":[{"i":[[-2.6,5.3],[0,0],[-10.5,-5],[-2,-4.2],[0,0],[-7.8,-1],[0,0],[1.5,-12.4],[3.6,-3.6],[0,0],[2.255,-3.776],[25.706,-59.603],[12.564,0.386],[3.846,3.175],[0,0],[5.081,-2.9],[0,0],[-1.872,12.014],[-0.739,5.6],[4.775,19.69],[2.875,6.851],[0,0],[0.129,0.112],[0,0],[14.56,9.441],[0,0],[-8.2,10.2],[-5.9,0.8],[0,0]],"o":[[0,0],[5.2,-10.1],[4.1,2],[0,0],[3.5,7.2],[0,0],[11.904,5.566],[-0.6,5.1],[0,0],[-2.9,2.9],[0,0],[-3.462,8.027],[-4.741,-0.188],[0,0],[-6.467,-3.6],[0,0],[-7.267,9.107],[1.57,-10.072],[0,0],[-5.061,-20.871],[0,0],[-0.563,-0.292],[0,0],[-6.099,-5.593],[0,0],[-9.7,-7.6],[3.8,-4.7],[0,0],[5.8,-0.6]],"v":[[-76.222,-77.791],[-20.4,-168.7],[9.3,-178.3],[19.6,-168.3],[78.709,-82.067],[95.709,-70.267],[167.058,-43.18],[187.958,-16.08],[181.458,-1.98],[116.268,53.887],[102.406,71.097],[58.417,157.926],[29.386,180.795],[19.848,177.263],[3.68,161.288],[-12.393,160.788],[-38.773,179.616],[-61.983,180.846],[-59.716,156.422],[-62.437,115.309],[-86.606,65.387],[-95.81,52.193],[-99.488,47.536],[-110.317,37.97],[-144.389,15.255],[-168.603,0.925],[-171.803,-33.775],[-156.003,-43.575],[-88.422,-68.291]],"c":true}]},{"i":{"x":0.833,"y":1},"o":{"x":0.167,"y":0},"t":29,"s":[{"i":[[-2.6,5.3],[0,0],[-10.5,-5],[-2,-4.2],[0,0],[-7.8,-1],[0,0],[1.5,-12.4],[3.6,-3.6],[0,0],[-0.5,-4],[0,0],[13.5,-1.7],[4.6,2.5],[0,0],[5.5,-2.9],[0,0],[5.6,11.1],[-0.8,5.6],[0,0],[-19,9.8],[0,0],[7.5,-1],[0,0],[12.7,10.4],[0,0],[-8.2,10.2],[-5.9,0.8],[0,0]],"o":[[0,0],[5.2,-10.1],[4.1,2],[0,0],[3.5,7.2],[0,0],[13.1,1.6],[-0.6,5.1],[0,0],[-2.9,2.9],[0,0],[1.7,13.7],[-5.1,0.6],[0,0],[-7,-3.6],[0,0],[-11,5.7],[-2.1,-4.2],[0,0],[3.2,-23.3],[0,0],[5.1,-3],[0,0],[-16.2,2.3],[0,0],[-9.7,-7.6],[3.8,-4.7],[0,0],[5.8,-0.6]],"v":[[-65.7,-78.7],[-20.4,-168.7],[9.3,-178.3],[19.6,-168.3],[62.7,-80.4],[79.7,-68.6],[168.4,-58],[189.3,-30.9],[182.8,-16.8],[111.8,53.5],[108.7,63.7],[120.2,158.8],[97.5,186.8],[81.9,184.3],[8.2,143.7],[-9.2,143.2],[-85.6,182.8],[-117.5,172.9],[-120.5,158.7],[-114.6,115.6],[-78.4,63],[2.5,20.9],[0.4,16.1],[-99.8,29.8],[-146.1,15.9],[-180.9,-13],[-184.1,-47.7],[-168.3,-57.5],[-77.9,-69.2]],"c":true}]},{"t":42,"s":[{"i":[[-2.6,5.3],[0,0],[-10.5,-5],[-2,-4.2],[0,0],[-7.8,-1],[0,0],[1.5,-12.4],[3.6,-3.6],[0,0],[-0.5,-4],[0,0],[13.5,-1.7],[4.6,2.5],[0,0],[5.5,-2.9],[0,0],[5.6,11.1],[-0.8,5.6],[0,0],[-19,9.8],[0,0],[7.5,-1],[0,0],[12.7,10.4],[0,0],[-8.2,10.2],[-5.9,0.8],[0,0]],"o":[[0,0],[5.2,-10.1],[4.1,2],[0,0],[3.5,7.2],[0,0],[13.1,1.6],[-0.6,5.1],[0,0],[-2.9,2.9],[0,0],[1.7,13.7],[-5.1,0.6],[0,0],[-7,-3.6],[0,0],[-11,5.7],[-2.1,-4.2],[0,0],[3.2,-23.3],[0,0],[5.1,-3],[0,0],[-16.2,2.3],[0,0],[-9.7,-7.6],[3.8,-4.7],[0,0],[5.8,-0.6]],"v":[[-65.7,-78.7],[-20.4,-168.7],[9.3,-178.3],[19.6,-168.3],[62.7,-80.4],[79.7,-68.6],[168.4,-58],[189.3,-30.9],[182.8,-16.8],[111.8,53.5],[108.7,63.7],[120.2,158.8],[97.5,186.8],[81.9,184.3],[8.2,143.7],[-9.2,143.2],[-85.6,182.8],[-117.5,172.9],[-120.5,158.7],[-114.6,115.6],[-78.4,63],[2.5,20.9],[0.4,16.1],[-99.8,29.8],[-146.1,15.9],[-180.9,-13],[-184.1,-47.7],[-168.3,-57.5],[-77.9,-69.2]],"c":true}]}]},"nm":"Path 1","hd":false},{"ty":"gf","o":{"a":0,"k":100},"r":1,"bm":0,"g":{"p":3,"k":{"a":1,"k":[{"i":{"x":0.833,"y":0.833},"o":{"x":0.167,"y":0.167},"t":23,"s":[0.002,1,0.812,0.251,0.501,1,0.812,0.251,1,1,0.812,0.251]},{"i":{"x":0.833,"y":0.833},"o":{"x":0.167,"y":0.167},"t":32,"s":[0,1,0.757,0.149,0.5,0.965,0.633,0.075,1,0.929,0.51,0]},{"t":42,"s":[0,1,0.757,0.149,0.5,0.965,0.633,0.075,1,0.929,0.51,0]}]}},"s":{"a":0,"k":[-0.953,-180.679]},"e":{"a":0,"k":[1.58,188.35]},"t":1,"nm":"Gradient_xwdmwDuieT","hd":false},{"ty":"tr","p":{"a":0,"k":[0,0]},"a":{"a":0,"k":[0,0]},"s":{"a":0,"k":[100,100]},"r":{"a":0,"k":0},"o":{"a":0,"k":100},"sk":{"a":0,"k":0},"sa":{"a":0,"k":0},"nm":"Transform"}],"nm":"Back","bm":0,"hd":false}],"ip":15,"op":172,"st":-8,"bm":0},{"ddd":0,"ind":7,"ty":4,"nm":"Shape Layer 5","sr":1,"ks":{"p":{"a":0,"k":[276,256,0]}},"ao":0,"shapes":[{"ty":"gr","it":[{"ind":0,"ty":"sh","ks":{"a":0,"k":{"i":[[89.527,-80.914],[-165.567,199.251],[-6.5,-184]],"o":[[-171.5,155],[145,-174.5],[1.033,29.232]],"v":[[-38,142.5],[-180.5,-116],[206,-58.5]],"c":false}},"nm":"Path 1","hd":false},{"ty":"tm","s":{"a":1,"k":[{"i":{"x":[0.833],"y":[0.833]},"o":{"x":[0.167],"y":[0.167]},"t":8,"s":[87]},{"i":{"x":[0.833],"y":[0.833]},"o":{"x":[0.167],"y":[0.167]},"t":15,"s":[60]},{"i":{"x":[0.833],"y":[0.833]},"o":{"x":[0.167],"y":[0.167]},"t":20,"s":[38]},{"t":23,"s":[10]}]},"e":{"a":1,"k":[{"i":{"x":[0.833],"y":[0.833]},"o":{"x":[0.167],"y":[0.167]},"t":2,"s":[100]},{"t":20,"s":[0]}]},"o":{"a":0,"k":0},"m":1,"nm":"Trim Paths 1","hd":false},{"ty":"st","c":{"a":0,"k":[0.882352941176,0.486274509804,0,1]},"o":{"a":0,"k":100},"w":{"a":1,"k":[{"i":{"x":[0.833],"y":[0.833]},"o":{"x":[0.167],"y":[0.167]},"t":2,"s":[10]},{"i":{"x":[0.833],"y":[0.833]},"o":{"x":[0.167],"y":[0.167]},"t":18,"s":[17]},{"t":22,"s":[15]}]},"lc":2,"lj":2,"bm":0,"nm":"Stroke 1","hd":false},{"ty":"tr","p":{"a":0,"k":[14.5,-2.5]},"a":{"a":0,"k":[0,0]},"s":{"a":0,"k":[100,100]},"r":{"a":0,"k":0},"o":{"a":0,"k":100},"sk":{"a":0,"k":0},"sa":{"a":0,"k":0},"nm":"Transform"}],"nm":"Ellipse 1","bm":0,"hd":false}],"ip":10,"op":24,"st":2,"bm":0},{"ddd":0,"ind":8,"ty":4,"nm":"Shape Layer 3","sr":1,"ks":{"p":{"a":0,"k":[276,256,0]}},"ao":0,"shapes":[{"ty":"gr","it":[{"ind":0,"ty":"sh","ks":{"a":0,"k":{"i":[[89.527,-80.914],[-165.567,199.251],[-6.5,-184]],"o":[[-171.5,155],[145,-174.5],[1.033,29.232]],"v":[[-38,142.5],[-180.5,-116],[206,-58.5]],"c":false}},"nm":"Path 1","hd":false},{"ty":"tm","s":{"a":1,"k":[{"i":{"x":[0.833],"y":[0.833]},"o":{"x":[0.167],"y":[0.167]},"t":7,"s":[87]},{"i":{"x":[0.833],"y":[0.833]},"o":{"x":[0.167],"y":[0.167]},"t":14,"s":[61.452]},{"i":{"x":[0.833],"y":[0.833]},"o":{"x":[0.167],"y":[0.167]},"t":19,"s":[35.632]},{"t":24,"s":[0]}]},"e":{"a":1,"k":[{"i":{"x":[0.833],"y":[0.833]},"o":{"x":[0.167],"y":[0.167]},"t":1,"s":[100]},{"t":19,"s":[0]}]},"o":{"a":0,"k":0},"m":1,"nm":"Trim Paths 1","hd":false},{"ty":"st","c":{"a":0,"k":[0.882352941176,0.486274509804,0,1]},"o":{"a":0,"k":100},"w":{"a":1,"k":[{"i":{"x":[0.833],"y":[0.833]},"o":{"x":[0.167],"y":[0.167]},"t":1,"s":[10]},{"i":{"x":[0.833],"y":[0.833]},"o":{"x":[0.167],"y":[0.167]},"t":18,"s":[25]},{"t":22,"s":[22]}]},"lc":2,"lj":2,"bm":0,"nm":"Stroke 1","hd":false},{"ty":"tr","p":{"a":0,"k":[14.5,-2.5]},"a":{"a":0,"k":[0,0]},"s":{"a":0,"k":[100,100]},"r":{"a":0,"k":0},"o":{"a":0,"k":100},"sk":{"a":0,"k":0},"sa":{"a":0,"k":0},"nm":"Transform"}],"nm":"Ellipse 1","bm":0,"hd":false}],"ip":2,"op":24,"st":1,"bm":0},{"ddd":0,"ind":9,"ty":4,"nm":"Shape Layer 2","sr":1,"ks":{"p":{"a":0,"k":[276,256,0]}},"ao":0,"shapes":[{"ty":"gr","it":[{"ind":0,"ty":"sh","ks":{"a":0,"k":{"i":[[89.527,-80.914],[-165.567,199.251],[-6.5,-184]],"o":[[-171.5,155],[145,-174.5],[1.033,29.232]],"v":[[-38,142.5],[-180.5,-116],[206,-58.5]],"c":false}},"nm":"Path 1","hd":false},{"ty":"tm","s":{"a":1,"k":[{"i":{"x":[0.833],"y":[0.833]},"o":{"x":[0.167],"y":[0.167]},"t":4,"s":[94]},{"i":{"x":[0.833],"y":[0.833]},"o":{"x":[0.167],"y":[0.167]},"t":17,"s":[40.632]},{"i":{"x":[0.833],"y":[0.833]},"o":{"x":[0.167],"y":[0.167]},"t":22,"s":[10.895]},{"t":24,"s":[0]}]},"e":{"a":1,"k":[{"i":{"x":[0.833],"y":[0.833]},"o":{"x":[0.167],"y":[0.167]},"t":-1,"s":[100]},{"t":17,"s":[0]}]},"o":{"a":0,"k":0},"m":1,"nm":"Trim Paths 1","hd":false},{"ty":"st","c":{"a":0,"k":[0.882352941176,0.486274509804,0,1]},"o":{"a":0,"k":100},"w":{"a":1,"k":[{"i":{"x":[0.833],"y":[0.833]},"o":{"x":[0.167],"y":[0.167]},"t":-1,"s":[10]},{"i":{"x":[0.833],"y":[0.833]},"o":{"x":[0.167],"y":[0.167]},"t":18,"s":[38]},{"t":22,"s":[40]}]},"lc":2,"lj":2,"bm":0,"nm":"Stroke 1","hd":false},{"ty":"tr","p":{"a":0,"k":[14.5,-2.5]},"a":{"a":0,"k":[0,0]},"s":{"a":0,"k":[100,100]},"r":{"a":0,"k":0},"o":{"a":0,"k":100},"sk":{"a":0,"k":0},"sa":{"a":0,"k":0},"nm":"Transform"}],"nm":"Ellipse 1","bm":0,"hd":false}],"ip":2,"op":24,"st":-1,"bm":0},{"ddd":0,"ind":10,"ty":4,"nm":"Shape Layer 4","sr":1,"ks":{"p":{"a":0,"k":[276,256,0]}},"ao":0,"shapes":[{"ty":"gr","it":[{"ind":0,"ty":"sh","ks":{"a":0,"k":{"i":[[89.527,-80.914],[-165.567,199.251],[-6.5,-184]],"o":[[-171.5,155],[145,-174.5],[1.033,29.232]],"v":[[-38,142.5],[-180.5,-116],[206,-58.5]],"c":false}},"nm":"Path 1","hd":false},{"ty":"tm","s":{"a":1,"k":[{"i":{"x":[0.833],"y":[0.833]},"o":{"x":[0.167],"y":[0.167]},"t":-3,"s":[100]},{"i":{"x":[0.833],"y":[0.833]},"o":{"x":[0.167],"y":[0.167]},"t":3,"s":[89]},{"t":23,"s":[2]}]},"e":{"a":1,"k":[{"i":{"x":[0.833],"y":[0.833]},"o":{"x":[0.167],"y":[0.167]},"t":-3,"s":[100]},{"i":{"x":[0.833],"y":[0.833]},"o":{"x":[0.167],"y":[0.167]},"t":1,"s":[90]},{"t":15,"s":[0]}]},"o":{"a":0,"k":0},"m":1,"nm":"Trim Paths 1","hd":false},{"ty":"st","c":{"a":0,"k":[0.882352941176,0.486274509804,0,1]},"o":{"a":0,"k":100},"w":{"a":1,"k":[{"i":{"x":[0.833],"y":[0.833]},"o":{"x":[0.167],"y":[0.167]},"t":0,"s":[5]},{"i":{"x":[0.833],"y":[0.833]},"o":{"x":[0.167],"y":[0.167]},"t":18,"s":[55]},{"t":22,"s":[51]}]},"lc":2,"lj":2,"bm":0,"nm":"Stroke 1","hd":false},{"ty":"tr","p":{"a":0,"k":[14.5,-2.5]},"a":{"a":0,"k":[0,0]},"s":{"a":0,"k":[100,100]},"r":{"a":0,"k":0},"o":{"a":0,"k":100},"sk":{"a":0,"k":0},"sa":{"a":0,"k":0},"nm":"Transform"}],"nm":"Ellipse 1","bm":0,"hd":false}],"ip":1,"op":24,"st":-3,"bm":0},{"ddd":0,"ind":11,"ty":4,"nm":"Shape Layer 1","sr":1,"ks":{"p":{"a":0,"k":[276,256,0]}},"ao":0,"shapes":[{"ty":"gr","it":[{"ind":0,"ty":"sh","ks":{"a":0,"k":{"i":[[88.709,-81.81],[-165.567,199.251],[-6.5,-184]],"o":[[-180,166],[145,-174.5],[1.033,29.232]],"v":[[-27,133],[-180.5,-116],[206,-58.5]],"c":false}},"nm":"Path 1","hd":false},{"ty":"tm","s":{"a":1,"k":[{"i":{"x":[0.833],"y":[0.833]},"o":{"x":[0.167],"y":[0.167]},"t":-3,"s":[100]},{"i":{"x":[0.833],"y":[0.833]},"o":{"x":[0.167],"y":[0.167]},"t":4,"s":[82]},{"i":{"x":[0.833],"y":[0.833]},"o":{"x":[0.167],"y":[0.167]},"t":17,"s":[5.857]},{"t":20,"s":[4]}]},"e":{"a":1,"k":[{"i":{"x":[0.833],"y":[0.833]},"o":{"x":[0.167],"y":[0.167]},"t":-3,"s":[100]},{"i":{"x":[0.833],"y":[0.833]},"o":{"x":[0.167],"y":[0.167]},"t":1,"s":[90]},{"t":15,"s":[0]}]},"o":{"a":0,"k":0},"m":1,"nm":"Trim Paths 1","hd":false},{"ty":"st","c":{"a":0,"k":[0.882352941176,0.486274509804,0,1]},"o":{"a":0,"k":100},"w":{"a":1,"k":[{"i":{"x":[0.833],"y":[0.833]},"o":{"x":[0.167],"y":[0.167]},"t":0,"s":[5]},{"i":{"x":[0.833],"y":[0.833]},"o":{"x":[0.167],"y":[0.167]},"t":18,"s":[65]},{"t":22,"s":[66]}]},"lc":2,"lj":2,"bm":0,"nm":"Stroke 1","hd":false},{"ty":"tr","p":{"a":0,"k":[14.5,-2.5]},"a":{"a":0,"k":[0,0]},"s":{"a":0,"k":[100,100]},"r":{"a":0,"k":0},"o":{"a":0,"k":100},"sk":{"a":0,"k":0},"sa":{"a":0,"k":0},"nm":"Transform"}],"nm":"Ellipse 1","bm":0,"hd":false}],"ip":1,"op":24,"st":-3,"bm":0}]}