{"tgs":1,"v":"5.5.2.2","fr":60,"ip":0,"op":180,"w":512,"h":512,"nm":"_016_SRCH_OUT","ddd":0,"assets":[{"id":"comp_0","layers":[{"ddd":0,"ind":3,"ty":4,"nm":"lupa11","parent":4,"sr":1,"ks":{"o":{"a":0,"k":50},"r":{"a":0,"k":180},"s":{"a":0,"k":[100,102.141,100]}},"ao":0,"shapes":[{"ty":"gr","it":[{"ind":0,"ty":"sh","ks":{"a":1,"k":[{"i":{"x":0.667,"y":1},"o":{"x":0.333,"y":0},"t":100,"s":[{"i":[[-0.881,2.494],[-7.829,1.937]],"o":[[2.657,-7.518],[1.846,-0.457]],"v":[[-22.559,-7.972],[-5.765,-23.22]],"c":false}]},{"i":{"x":0.833,"y":1},"o":{"x":0.333,"y":0},"t":114,"s":[{"i":[[-0.002,2.181],[-2.688,2.11]],"o":[[0.006,-6.576],[0.634,-0.498]],"v":[[-26.253,-6.948],[-21.953,-20.95]],"c":false}]},{"i":{"x":0.667,"y":1},"o":{"x":0.333,"y":0},"t":140,"s":[{"i":[[-0.002,2.181],[-2.688,2.11]],"o":[[0.006,-6.576],[0.634,-0.498]],"v":[[-26.253,-6.948],[-21.953,-20.95]],"c":false}]},{"t":158,"s":[{"i":[[-0.881,2.494],[-7.829,1.937]],"o":[[2.657,-7.518],[1.846,-0.457]],"v":[[-22.559,-7.972],[-5.765,-23.22]],"c":false}]}]},"nm":"Path 1","hd":false},{"ty":"st","c":{"a":0,"k":[1,1,1,1]},"o":{"a":0,"k":100},"w":{"a":0,"k":6},"lc":2,"lj":2,"bm":0,"nm":"Stroke 1","hd":false},{"ty":"tr","p":{"a":0,"k":[0,0]},"a":{"a":0,"k":[0,0]},"s":{"a":0,"k":[100,100]},"r":{"a":0,"k":0},"o":{"a":0,"k":100},"sk":{"a":0,"k":0},"sa":{"a":0,"k":0},"nm":"Transform"}],"nm":"Group 1","bm":0,"hd":false},{"ty":"tm","s":{"a":1,"k":[{"i":{"x":[0.667],"y":[1]},"o":{"x":[0.333],"y":[0]},"t":60,"s":[5]},{"i":{"x":[0.667],"y":[1]},"o":{"x":[0.333],"y":[0]},"t":72,"s":[0]},{"i":{"x":[0.667],"y":[1]},"o":{"x":[0.333],"y":[0]},"t":84,"s":[5]},{"i":{"x":[0.667],"y":[1]},"o":{"x":[0.333],"y":[0]},"t":96,"s":[0]},{"i":{"x":[0.667],"y":[1]},"o":{"x":[0.333],"y":[0]},"t":108,"s":[5]},{"i":{"x":[0.667],"y":[1]},"o":{"x":[0.333],"y":[0]},"t":120,"s":[0]},{"i":{"x":[0.667],"y":[1]},"o":{"x":[0.333],"y":[0]},"t":132,"s":[5]},{"i":{"x":[0.667],"y":[1]},"o":{"x":[0.333],"y":[0]},"t":144,"s":[0]},{"i":{"x":[0.667],"y":[1]},"o":{"x":[0.333],"y":[0]},"t":156,"s":[5]},{"i":{"x":[0.667],"y":[1]},"o":{"x":[0.333],"y":[0]},"t":168,"s":[5]},{"i":{"x":[0.667],"y":[1]},"o":{"x":[0.333],"y":[0]},"t":180,"s":[0]},{"i":{"x":[0.667],"y":[1]},"o":{"x":[0.333],"y":[0]},"t":192,"s":[5]},{"i":{"x":[0.667],"y":[1]},"o":{"x":[0.333],"y":[0]},"t":204,"s":[0]},{"i":{"x":[0.667],"y":[1]},"o":{"x":[0.333],"y":[0]},"t":216,"s":[5]},{"i":{"x":[0.667],"y":[1]},"o":{"x":[0.167],"y":[0]},"t":228,"s":[0]},{"t":240,"s":[5]}]},"e":{"a":1,"k":[{"i":{"x":[0.667],"y":[1]},"o":{"x":[0.333],"y":[0]},"t":60,"s":[100]},{"i":{"x":[0.667],"y":[1]},"o":{"x":[0.333],"y":[0]},"t":72,"s":[95]},{"i":{"x":[0.667],"y":[1]},"o":{"x":[0.333],"y":[0]},"t":84,"s":[100]},{"i":{"x":[0.667],"y":[1]},"o":{"x":[0.333],"y":[0]},"t":96,"s":[95]},{"i":{"x":[0.667],"y":[1]},"o":{"x":[0.333],"y":[0]},"t":108,"s":[100]},{"i":{"x":[0.667],"y":[1]},"o":{"x":[0.333],"y":[0]},"t":120,"s":[95]},{"i":{"x":[0.667],"y":[1]},"o":{"x":[0.333],"y":[0]},"t":132,"s":[100]},{"i":{"x":[0.667],"y":[1]},"o":{"x":[0.333],"y":[0]},"t":144,"s":[95]},{"i":{"x":[0.667],"y":[1]},"o":{"x":[0.333],"y":[0]},"t":156,"s":[100]},{"i":{"x":[0.667],"y":[1]},"o":{"x":[0.333],"y":[0]},"t":168,"s":[100]},{"i":{"x":[0.667],"y":[1]},"o":{"x":[0.333],"y":[0]},"t":180,"s":[95]},{"i":{"x":[0.667],"y":[1]},"o":{"x":[0.333],"y":[0]},"t":192,"s":[100]},{"i":{"x":[0.667],"y":[1]},"o":{"x":[0.333],"y":[0]},"t":204,"s":[95]},{"i":{"x":[0.667],"y":[1]},"o":{"x":[0.333],"y":[0]},"t":216,"s":[100]},{"i":{"x":[0.667],"y":[1]},"o":{"x":[0.167],"y":[0]},"t":228,"s":[95]},{"t":240,"s":[100]}]},"o":{"a":0,"k":0},"m":1,"nm":"Trim Paths 1","hd":false}],"ip":60,"op":240,"st":60,"bm":0},{"ddd":0,"ind":4,"ty":4,"nm":"lupa10","parent":6,"sr":1,"ks":{"r":{"a":1,"k":[{"i":{"x":[0.667],"y":[1]},"o":{"x":[0.333],"y":[0]},"t":68,"s":[0]},{"t":80,"s":[21],"h":1},{"i":{"x":[0.667],"y":[1]},"o":{"x":[0.333],"y":[0]},"t":100,"s":[21]},{"t":114,"s":[0],"h":1}]}},"ao":0,"shapes":[{"ty":"gr","it":[{"ind":0,"ty":"sh","ks":{"a":1,"k":[{"i":{"x":0.667,"y":1},"o":{"x":0.333,"y":0},"t":100,"s":[{"i":[[-0.53,1.978],[-7.467,2.569]],"o":[[2.059,-7.69],[2.441,-0.84]],"v":[[-23.107,-6.202],[-7.786,-22.624]],"c":false}]},{"i":{"x":0.833,"y":1},"o":{"x":0.333,"y":0},"t":114,"s":[{"i":[[0.379,1.578],[-2,3.001]],"o":[[-1.474,-6.136],[0.654,-0.981]],"v":[[-23.147,12.142],[-22.278,-2.492]],"c":false}]},{"i":{"x":0.667,"y":1},"o":{"x":0.333,"y":0},"t":140,"s":[{"i":[[0.379,1.578],[-2,3.001]],"o":[[-1.474,-6.136],[0.654,-0.981]],"v":[[-23.147,12.142],[-22.278,-2.492]],"c":false}]},{"t":158,"s":[{"i":[[-0.53,1.978],[-7.467,2.569]],"o":[[2.059,-7.69],[2.441,-0.84]],"v":[[-23.107,-6.202],[-7.786,-22.624]],"c":false}]}]},"nm":"Path 1","hd":false},{"ty":"st","c":{"a":0,"k":[1,1,1,1]},"o":{"a":0,"k":100},"w":{"a":0,"k":8},"lc":2,"lj":2,"bm":0,"nm":"Stroke 1","hd":false},{"ty":"tr","p":{"a":0,"k":[0,0]},"a":{"a":0,"k":[0,0]},"s":{"a":0,"k":[100,100]},"r":{"a":0,"k":0},"o":{"a":0,"k":100},"sk":{"a":0,"k":0},"sa":{"a":0,"k":0},"nm":"Transform"}],"nm":"Group 1","bm":0,"hd":false},{"ty":"tm","s":{"a":1,"k":[{"i":{"x":[0.667],"y":[1]},"o":{"x":[0.333],"y":[0]},"t":60,"s":[20]},{"i":{"x":[0.667],"y":[1]},"o":{"x":[0.333],"y":[0]},"t":72,"s":[10]},{"i":{"x":[0.667],"y":[1]},"o":{"x":[0.333],"y":[0]},"t":84,"s":[10]},{"i":{"x":[0.667],"y":[1]},"o":{"x":[0.333],"y":[0]},"t":96,"s":[5]},{"i":{"x":[0.667],"y":[1]},"o":{"x":[0.333],"y":[0]},"t":108,"s":[20]},{"i":{"x":[0.667],"y":[1]},"o":{"x":[0.333],"y":[0]},"t":120,"s":[10]},{"i":{"x":[0.667],"y":[1]},"o":{"x":[0.333],"y":[0]},"t":132,"s":[10]},{"i":{"x":[0.667],"y":[1]},"o":{"x":[0.333],"y":[0]},"t":144,"s":[5]},{"i":{"x":[0.667],"y":[1]},"o":{"x":[0.333],"y":[0]},"t":156,"s":[20]},{"i":{"x":[0.667],"y":[1]},"o":{"x":[0.333],"y":[0]},"t":168,"s":[10]},{"i":{"x":[0.667],"y":[1]},"o":{"x":[0.333],"y":[0]},"t":180,"s":[10]},{"i":{"x":[0.667],"y":[1]},"o":{"x":[0.333],"y":[0]},"t":192,"s":[10]},{"i":{"x":[0.667],"y":[1]},"o":{"x":[0.333],"y":[0]},"t":204,"s":[5]},{"i":{"x":[0.667],"y":[1]},"o":{"x":[0.333],"y":[0]},"t":216,"s":[20]},{"i":{"x":[0.667],"y":[1]},"o":{"x":[0.333],"y":[0]},"t":228,"s":[10]},{"t":240,"s":[20]}]},"e":{"a":1,"k":[{"i":{"x":[0.667],"y":[1]},"o":{"x":[0.333],"y":[0]},"t":60,"s":[100]},{"i":{"x":[0.667],"y":[1]},"o":{"x":[0.333],"y":[0]},"t":72,"s":[80]},{"i":{"x":[0.667],"y":[1]},"o":{"x":[0.333],"y":[0]},"t":84,"s":[90]},{"i":{"x":[0.667],"y":[1]},"o":{"x":[0.333],"y":[0]},"t":96,"s":[70]},{"i":{"x":[0.667],"y":[1]},"o":{"x":[0.333],"y":[0]},"t":108,"s":[100]},{"i":{"x":[0.667],"y":[1]},"o":{"x":[0.333],"y":[0]},"t":120,"s":[80]},{"i":{"x":[0.667],"y":[1]},"o":{"x":[0.333],"y":[0]},"t":132,"s":[90]},{"i":{"x":[0.667],"y":[1]},"o":{"x":[0.333],"y":[0]},"t":144,"s":[70]},{"i":{"x":[0.667],"y":[1]},"o":{"x":[0.333],"y":[0]},"t":156,"s":[100]},{"i":{"x":[0.667],"y":[1]},"o":{"x":[0.333],"y":[0]},"t":168,"s":[80]},{"i":{"x":[0.667],"y":[1]},"o":{"x":[0.333],"y":[0]},"t":180,"s":[80]},{"i":{"x":[0.667],"y":[1]},"o":{"x":[0.333],"y":[0]},"t":192,"s":[90]},{"i":{"x":[0.667],"y":[1]},"o":{"x":[0.333],"y":[0]},"t":204,"s":[70]},{"i":{"x":[0.667],"y":[1]},"o":{"x":[0.333],"y":[0]},"t":216,"s":[100]},{"i":{"x":[0.667],"y":[1]},"o":{"x":[0.333],"y":[0]},"t":228,"s":[80]},{"t":240,"s":[100]}]},"o":{"a":0,"k":0},"m":1,"nm":"Trim Paths 1","hd":false}],"ip":60,"op":240,"st":60,"bm":0},{"ddd":0,"ind":5,"ty":4,"nm":"lupa12","parent":6,"sr":1,"ks":{},"ao":0,"shapes":[{"ty":"gr","it":[{"ind":0,"ty":"sh","ks":{"a":1,"k":[{"i":{"x":0.667,"y":1},"o":{"x":0.333,"y":0},"t":68,"s":[{"i":[[13.639,6.224],[5.844,0],[4.004,-17.574]],"o":[[-4.99,-2.277],[-18.786,0],[-0.24,1.053]],"v":[[16.381,-35.954],[0,-39.5],[-38.514,-8.811]],"c":false}]},{"i":{"x":0.667,"y":1},"o":{"x":0.333,"y":0},"t":86,"s":[{"i":[[13.639,6.224],[5.844,0],[4.004,-17.574]],"o":[[-4.99,-2.277],[-18.786,0],[-0.24,1.053]],"v":[[16.381,-35.954],[0,-39.5],[-38.514,-8.811]],"c":false}]},{"i":{"x":0.667,"y":1},"o":{"x":0.333,"y":0},"t":100,"s":[{"i":[[13.639,6.224],[5.844,0],[4.004,-17.574]],"o":[[-4.99,-2.277],[-18.786,0],[-0.24,1.053]],"v":[[16.381,-35.954],[0,-39.5],[-38.514,-8.811]],"c":false}]},{"i":{"x":0.833,"y":1},"o":{"x":0.333,"y":0},"t":114,"s":[{"i":[[13.07,5.995],[5.81,0.629],[5.365,-12.351]],"o":[[-4.782,-2.194],[-18.677,-2.022],[-0.321,0.74]],"v":[[18.741,-17.799],[2.734,-22.142],[-37.973,-3.967]],"c":false}]},{"i":{"x":0.667,"y":1},"o":{"x":0.333,"y":0},"t":140,"s":[{"i":[[13.07,5.995],[5.81,0.629],[5.365,-12.351]],"o":[[-4.782,-2.194],[-18.677,-2.022],[-0.321,0.74]],"v":[[18.741,-17.799],[2.734,-22.142],[-37.973,-3.967]],"c":false}]},{"t":158,"s":[{"i":[[13.639,6.224],[5.844,0],[4.004,-17.574]],"o":[[-4.99,-2.277],[-18.786,0],[-0.24,1.053]],"v":[[16.381,-35.954],[0,-39.5],[-38.514,-8.811]],"c":false}]}]},"nm":"Path 1","hd":false},{"ty":"st","c":{"a":0,"k":[0.244577205882,0.244577205882,0.244577205882,1]},"o":{"a":0,"k":100},"w":{"a":0,"k":5},"lc":2,"lj":2,"bm":0,"nm":"Stroke 1","hd":false},{"ty":"tr","p":{"a":0,"k":[0,0]},"a":{"a":0,"k":[0,0]},"s":{"a":0,"k":[100,100]},"r":{"a":0,"k":0},"o":{"a":0,"k":100},"sk":{"a":0,"k":0},"sa":{"a":0,"k":0},"nm":"Transform"}],"nm":"Group 1","bm":0,"hd":false}],"ip":60,"op":240,"st":60,"bm":0},{"ddd":0,"ind":6,"ty":4,"nm":"lupa1","parent":34,"sr":1,"ks":{"r":{"a":1,"k":[{"i":{"x":[0.667],"y":[1]},"o":{"x":[0.333],"y":[0]},"t":68,"s":[-95.431]},{"i":{"x":[0.667],"y":[1]},"o":{"x":[0.333],"y":[0]},"t":86,"s":[-95.431]},{"i":{"x":[0.667],"y":[1]},"o":{"x":[0.333],"y":[0]},"t":100,"s":[-95.431]},{"i":{"x":[0.833],"y":[1]},"o":{"x":[0.333],"y":[0]},"t":114,"s":[-10.978]},{"i":{"x":[0.667],"y":[1]},"o":{"x":[0.333],"y":[0]},"t":140,"s":[-10.978]},{"i":{"x":[0.667],"y":[1]},"o":{"x":[0.333],"y":[0]},"t":158,"s":[-10.978]},{"i":{"x":[0.413],"y":[1]},"o":{"x":[0.333],"y":[0]},"t":164,"s":[-15.895]},{"i":{"x":[0.119],"y":[1]},"o":{"x":[0.89],"y":[0]},"t":210,"s":[-15.895]},{"t":230,"s":[-95.431]}]},"p":{"a":0,"k":[0,-74.75,0]}},"ao":0,"shapes":[{"ty":"gr","it":[{"ind":0,"ty":"sh","ks":{"a":1,"k":[{"i":{"x":0.667,"y":1},"o":{"x":0.333,"y":0},"t":68,"s":[{"i":[[21.12,2.689],[-2.689,21.12],[-21.12,-2.689],[2.689,-21.12]],"o":[[-21.12,-2.689],[2.689,-21.12],[21.12,2.689],[-2.689,21.12]],"v":[[-4.869,38.24],[-38.24,-4.869],[4.869,-38.24],[38.24,4.869]],"c":true}]},{"i":{"x":0.667,"y":1},"o":{"x":0.333,"y":0},"t":86,"s":[{"i":[[21.12,2.689],[-2.689,21.12],[-21.12,-2.689],[2.689,-21.12]],"o":[[-21.12,-2.689],[2.689,-21.12],[21.12,2.689],[-2.689,21.12]],"v":[[-4.869,38.24],[-38.24,-4.869],[4.869,-38.24],[38.24,4.869]],"c":true}]},{"i":{"x":0.667,"y":1},"o":{"x":0.333,"y":0},"t":100,"s":[{"i":[[21.12,2.689],[-2.689,21.12],[-21.12,-2.689],[2.689,-21.12]],"o":[[-21.12,-2.689],[2.689,-21.12],[21.12,2.689],[-2.689,21.12]],"v":[[-4.869,38.24],[-38.24,-4.869],[4.869,-38.24],[38.24,4.869]],"c":true}]},{"i":{"x":0.833,"y":1},"o":{"x":0.333,"y":0},"t":114,"s":[{"i":[[17.088,-9.328],[13.251,14.849],[-17.088,9.328],[-13.251,-14.849]],"o":[[-17.088,9.328],[-13.251,-14.849],[17.088,-9.328],[13.251,14.849]],"v":[[23.994,35.979],[-30.941,25.983],[-23.994,-17.794],[30.941,-7.798]],"c":true}]},{"i":{"x":0.667,"y":1},"o":{"x":0.333,"y":0},"t":140,"s":[{"i":[[17.088,-9.328],[13.251,14.849],[-17.088,9.328],[-13.251,-14.849]],"o":[[-17.088,9.328],[-13.251,-14.849],[17.088,-9.328],[13.251,14.849]],"v":[[23.994,35.979],[-30.941,25.983],[-23.994,-17.794],[30.941,-7.798]],"c":true}]},{"t":158,"s":[{"i":[[21.12,2.689],[-2.689,21.12],[-21.12,-2.689],[2.689,-21.12]],"o":[[-21.12,-2.689],[2.689,-21.12],[21.12,2.689],[-2.689,21.12]],"v":[[-4.869,38.24],[-38.24,-4.869],[4.869,-38.24],[38.24,4.869]],"c":true}]}]},"nm":"Path 1","hd":false},{"ty":"st","c":{"a":0,"k":[0.003921568859,0,0,1]},"o":{"a":0,"k":100},"w":{"a":0,"k":12},"lc":2,"lj":2,"bm":0,"nm":"Stroke 1","hd":false},{"ty":"gf","o":{"a":0,"k":100},"r":1,"bm":0,"g":{"p":3,"k":{"a":0,"k":[0,0.016,0.706,1,0.5,0.016,0.706,1,1,0.016,0.706,1,0,1,0.5,0.5,1,0]}},"s":{"a":0,"k":[-12.358,-89.703]},"e":{"a":0,"k":[42.73,53.2]},"t":1,"nm":"ggg","hd":false},{"ty":"tr","p":{"a":0,"k":[0,0]},"a":{"a":0,"k":[0,0]},"s":{"a":0,"k":[100,100]},"r":{"a":0,"k":0},"o":{"a":0,"k":100},"sk":{"a":0,"k":0},"sa":{"a":0,"k":0},"nm":"Transform"}],"nm":"Group 1","bm":0,"hd":false}],"ip":60,"op":240,"st":60,"bm":0},{"ddd":0,"ind":7,"ty":4,"nm":"lupa14","parent":6,"sr":1,"ks":{},"ao":0,"shapes":[{"ty":"gr","it":[{"ind":0,"ty":"sh","ks":{"a":1,"k":[{"i":{"x":0.667,"y":1},"o":{"x":0.333,"y":0},"t":100,"s":[{"i":[[3.495,-21.533],[21.533,3.495],[-3.495,21.533],[-21.533,-3.495]],"o":[[-3.495,21.533],[-21.533,-3.495],[3.495,-21.533],[21.533,3.495]],"v":[[38.99,6.329],[-6.329,38.99],[-38.99,-6.329],[6.329,-38.99]],"c":true}]},{"i":{"x":0.833,"y":1},"o":{"x":0.333,"y":0},"t":114,"s":[{"i":[[17.088,-9.328],[13.251,14.849],[-17.088,9.328],[-13.251,-14.849]],"o":[[-17.088,9.328],[-13.251,-14.849],[17.088,-9.328],[13.251,14.849]],"v":[[25.553,28.511],[-29.382,18.515],[-22.434,-25.262],[32.501,-15.266]],"c":true}]},{"i":{"x":0.667,"y":1},"o":{"x":0.333,"y":0},"t":140,"s":[{"i":[[17.088,-9.328],[13.251,14.849],[-17.088,9.328],[-13.251,-14.849]],"o":[[-17.088,9.328],[-13.251,-14.849],[17.088,-9.328],[13.251,14.849]],"v":[[25.553,28.511],[-29.382,18.515],[-22.434,-25.262],[32.501,-15.266]],"c":true}]},{"t":158,"s":[{"i":[[3.495,-21.533],[21.533,3.495],[-3.495,21.533],[-21.533,-3.495]],"o":[[-3.495,21.533],[-21.533,-3.495],[3.495,-21.533],[21.533,3.495]],"v":[[38.99,6.329],[-6.329,38.99],[-38.99,-6.329],[6.329,-38.99]],"c":true}]}]},"nm":"Path 1","hd":false},{"ty":"st","c":{"a":0,"k":[0.243137269862,0.243137269862,0.243137269862,1]},"o":{"a":0,"k":100},"w":{"a":0,"k":12},"lc":2,"lj":2,"bm":0,"nm":"Stroke 1","hd":false},{"ty":"tr","p":{"a":0,"k":[0,0]},"a":{"a":0,"k":[0,0]},"s":{"a":0,"k":[100,100]},"r":{"a":0,"k":0},"o":{"a":0,"k":100},"sk":{"a":0,"k":0},"sa":{"a":0,"k":0},"nm":"Transform"}],"nm":"Group 1","bm":0,"hd":false}],"ip":100,"op":158,"st":60,"bm":0},{"ddd":0,"ind":8,"ty":4,"nm":"lupa13","parent":10,"sr":1,"ks":{"r":{"a":0,"k":95.361},"p":{"a":0,"k":[-1.899,8.047,0]},"s":{"a":0,"k":[76.08,45.674,100]}},"ao":0,"shapes":[{"ty":"gr","it":[{"ind":0,"ty":"sh","ks":{"a":0,"k":{"i":[[8.996,-2.333],[0.06,-2.922],[-4.267,-1.353]],"o":[[-4.333,1.124],[-0.073,3.546],[7.298,2.313]],"v":[[-0.326,-7.284],[-17.761,0.611],[0.413,9.182]],"c":true}},"nm":"Path 1","hd":false},{"ty":"fl","c":{"a":0,"k":[0.243137269862,0.243137269862,0.243137269862,1]},"o":{"a":0,"k":100},"r":1,"bm":0,"nm":"Fill 1","hd":false},{"ty":"tr","p":{"a":0,"k":[0,0]},"a":{"a":0,"k":[0,0]},"s":{"a":0,"k":[100,100]},"r":{"a":0,"k":0},"o":{"a":0,"k":100},"sk":{"a":0,"k":0},"sa":{"a":0,"k":0},"nm":"Transform"}],"nm":"Group 1","bm":0,"hd":false}],"ip":72,"op":222,"st":60,"bm":0},{"ddd":0,"ind":9,"ty":4,"nm":"lupa9","parent":10,"sr":1,"ks":{"p":{"a":0,"k":[0,-25.25,0]}},"ao":0,"shapes":[{"ty":"gr","it":[{"ind":0,"ty":"sh","ks":{"a":0,"k":{"i":[[6.617,0],[0,-6.617],[-6.617,0],[0,6.617]],"o":[[-6.617,0],[0,6.617],[6.617,0],[0,-6.617]],"v":[[0,-9],[-12,0],[0,9],[12,0]],"c":true}},"nm":"Path 1","hd":false},{"ty":"fl","c":{"a":0,"k":[0.003921568859,0,0,1]},"o":{"a":0,"k":100},"r":1,"bm":0,"nm":"Fill 1","hd":false},{"ty":"tr","p":{"a":0,"k":[0,0]},"a":{"a":0,"k":[0,0]},"s":{"a":0,"k":[100,100]},"r":{"a":0,"k":0},"o":{"a":0,"k":100},"sk":{"a":0,"k":0},"sa":{"a":0,"k":0},"nm":"Transform"}],"nm":"Group 1","bm":0,"hd":false}],"ip":72,"op":222,"st":60,"bm":0},{"ddd":0,"ind":10,"ty":4,"nm":"lupa8","parent":34,"sr":1,"ks":{"r":{"a":0,"k":-361.786},"s":{"a":0,"k":[102.993,97.094,100]}},"ao":0,"shapes":[{"ty":"gr","it":[{"ind":0,"ty":"sh","ks":{"a":0,"k":{"i":[[2.537,0],[0,-2.268],[-7.11,0],[0,7.111]],"o":[[-2.537,0],[0,7.111],[7.11,0],[0,-2.268]],"v":[[0,-26],[-12.894,13.105],[0,26],[12.894,13.105]],"c":true}},"nm":"Path 1","hd":false},{"ty":"fl","c":{"a":0,"k":[0.003921568859,0,0,1]},"o":{"a":0,"k":100},"r":1,"bm":0,"nm":"Fill 1","hd":false},{"ty":"tr","p":{"a":0,"k":[0,0]},"a":{"a":0,"k":[0,0]},"s":{"a":0,"k":[100,100]},"r":{"a":0,"k":0},"o":{"a":0,"k":100},"sk":{"a":0,"k":0},"sa":{"a":0,"k":0},"nm":"Transform"}],"nm":"Group 1","bm":0,"hd":false}],"ip":72,"op":222,"st":60,"bm":0},{"ddd":0,"ind":11,"ty":4,"nm":"mouth","parent":13,"sr":1,"ks":{"p":{"a":0,"k":[99.957,82.118,0]},"a":{"a":0,"k":[64.819,32.647,0]}},"ao":0,"shapes":[{"ty":"gr","it":[{"ind":0,"ty":"sh","ks":{"a":1,"k":[{"i":{"x":0.833,"y":1},"o":{"x":0.333,"y":0},"t":68,"s":[{"i":[[0,0],[-62.293,2.556]],"o":[[70.185,-13.586],[0,0]],"v":[[-85.813,27.732],[89.216,12.649]],"c":false}]},{"i":{"x":0.833,"y":1},"o":{"x":0.333,"y":0},"t":80,"s":[{"i":[[0,0],[-62.293,2.556]],"o":[[70.185,-13.586],[0,0]],"v":[[-81.17,27.485],[93.859,12.402]],"c":false}]},{"i":{"x":0.833,"y":0.833},"o":{"x":0.333,"y":0},"t":100,"s":[{"i":[[0,0],[-62.293,2.556]],"o":[[70.185,-13.586],[0,0]],"v":[[-81.17,27.485],[93.859,12.402]],"c":false}]},{"i":{"x":0.833,"y":1},"o":{"x":0.167,"y":0.167},"t":114,"s":[{"i":[[0,0],[-62.293,2.556]],"o":[[70.185,-13.586],[0,0]],"v":[[-93.836,29.31],[81.193,14.227]],"c":false}]},{"i":{"x":0.667,"y":1},"o":{"x":0.333,"y":0},"t":140,"s":[{"i":[[0,0],[-62.293,2.556]],"o":[[70.185,-13.586],[0,0]],"v":[[-93.836,29.31],[81.193,14.227]],"c":false}]},{"i":{"x":0.667,"y":1},"o":{"x":0.333,"y":0},"t":158,"s":[{"i":[[0,0],[-58.08,-8.087]],"o":[[68.302,-23.251],[0,0]],"v":[[-85.747,29.073],[89.282,13.99]],"c":false}]},{"i":{"x":0.667,"y":1},"o":{"x":0.167,"y":0},"t":210,"s":[{"i":[[0,0],[-58.08,-8.087]],"o":[[68.302,-23.251],[0,0]],"v":[[-85.747,29.073],[89.282,13.99]],"c":false}]},{"t":230,"s":[{"i":[[0,0],[-62.293,2.556]],"o":[[70.185,-13.586],[0,0]],"v":[[-85.813,27.732],[89.216,12.649]],"c":false}]}]},"nm":"Path 1","hd":false},{"ty":"tm","s":{"a":1,"k":[{"i":{"x":[0.667],"y":[1]},"o":{"x":[0.333],"y":[0]},"t":140,"s":[31]},{"i":{"x":[0.667],"y":[1]},"o":{"x":[0.333],"y":[0]},"t":158,"s":[0]},{"i":{"x":[0.667],"y":[1]},"o":{"x":[0.167],"y":[0]},"t":210,"s":[0]},{"t":230,"s":[31]}]},"e":{"a":1,"k":[{"i":{"x":[0.667],"y":[1]},"o":{"x":[0.333],"y":[0]},"t":140,"s":[69]},{"i":{"x":[0.667],"y":[1]},"o":{"x":[0.333],"y":[0]},"t":158,"s":[100]},{"i":{"x":[0.667],"y":[1]},"o":{"x":[0.167],"y":[0]},"t":210,"s":[100]},{"t":230,"s":[69]}]},"o":{"a":0,"k":0},"m":1,"nm":"Trim Paths 1","hd":false},{"ty":"st","c":{"a":0,"k":[0.490196078431,0.035294117647,0.035294117647,1]},"o":{"a":0,"k":100},"w":{"a":0,"k":8},"lc":2,"lj":2,"bm":0,"nm":"Stroke 1","hd":false},{"ty":"tr","p":{"a":0,"k":[64.819,32.647]},"a":{"a":0,"k":[0,0]},"s":{"a":0,"k":[100,100]},"r":{"a":0,"k":0},"o":{"a":0,"k":100},"sk":{"a":0,"k":0},"sa":{"a":0,"k":0},"nm":"Transform"}],"nm":"Group 1","bm":0,"hd":false}],"ip":60,"op":240,"st":60,"bm":0},{"ddd":0,"ind":12,"ty":4,"nm":"beak_bl","parent":13,"sr":1,"ks":{"r":{"a":0,"k":7.036},"p":{"a":0,"k":[50.927,24.827,0]},"a":{"a":0,"k":[33.59,24.06,0]},"s":{"a":0,"k":[100.251,100.251,100]}},"ao":0,"shapes":[{"ty":"gr","it":[{"ind":0,"ty":"sh","ks":{"a":1,"k":[{"i":{"x":0.667,"y":1},"o":{"x":0.333,"y":0},"t":140,"s":[{"i":[[0,0],[5.079,42.636]],"o":[[9.196,-5.161],[0,0]],"v":[[23.139,64.05],[42.349,1.419]],"c":false}]},{"i":{"x":0.667,"y":1},"o":{"x":0.333,"y":0},"t":158,"s":[{"i":[[0,0],[5.079,42.636]],"o":[[18.356,-10.157],[0,0]],"v":[[-20.7,75.582],[36.489,4.447]],"c":false}]},{"i":{"x":0.667,"y":1},"o":{"x":0.167,"y":0},"t":210,"s":[{"i":[[0,0],[5.079,42.636]],"o":[[18.356,-10.157],[0,0]],"v":[[-20.7,75.582],[36.489,4.447]],"c":false}]},{"t":230,"s":[{"i":[[0,0],[5.079,42.636]],"o":[[9.196,-5.161],[0,0]],"v":[[23.139,64.05],[42.349,1.419]],"c":false}]}]},"nm":"Path 1","hd":false},{"ty":"st","c":{"a":0,"k":[1,0.705882352941,0.517647058824,1]},"o":{"a":0,"k":100},"w":{"a":0,"k":8},"lc":2,"lj":2,"bm":0,"nm":"Stroke 1","hd":false},{"ty":"tr","p":{"a":0,"k":[33.59,24.06]},"a":{"a":0,"k":[0,0]},"s":{"a":0,"k":[100,100]},"r":{"a":0,"k":0},"o":{"a":0,"k":100},"sk":{"a":0,"k":0},"sa":{"a":0,"k":0},"nm":"Transform"}],"nm":"Group 1","bm":0,"hd":false},{"ty":"tm","s":{"a":1,"k":[{"i":{"x":[0.667],"y":[1]},"o":{"x":[0.333],"y":[0]},"t":60,"s":[20]},{"i":{"x":[0.667],"y":[1]},"o":{"x":[0.333],"y":[0]},"t":72,"s":[10]},{"i":{"x":[0.667],"y":[1]},"o":{"x":[0.333],"y":[0]},"t":84,"s":[10]},{"i":{"x":[0.667],"y":[1]},"o":{"x":[0.333],"y":[0]},"t":96,"s":[5]},{"i":{"x":[0.667],"y":[1]},"o":{"x":[0.333],"y":[0]},"t":108,"s":[20]},{"i":{"x":[0.667],"y":[1]},"o":{"x":[0.333],"y":[0]},"t":120,"s":[10]},{"i":{"x":[0.667],"y":[1]},"o":{"x":[0.333],"y":[0]},"t":132,"s":[10]},{"i":{"x":[0.667],"y":[1]},"o":{"x":[0.333],"y":[0]},"t":144,"s":[5]},{"i":{"x":[0.667],"y":[1]},"o":{"x":[0.333],"y":[0]},"t":156,"s":[20]},{"i":{"x":[0.667],"y":[1]},"o":{"x":[0.333],"y":[0]},"t":168,"s":[10]},{"i":{"x":[0.667],"y":[1]},"o":{"x":[0.333],"y":[0]},"t":180,"s":[10]},{"i":{"x":[0.667],"y":[1]},"o":{"x":[0.333],"y":[0]},"t":192,"s":[10]},{"i":{"x":[0.667],"y":[1]},"o":{"x":[0.333],"y":[0]},"t":204,"s":[5]},{"i":{"x":[0.667],"y":[1]},"o":{"x":[0.333],"y":[0]},"t":216,"s":[20]},{"i":{"x":[0.667],"y":[1]},"o":{"x":[0.333],"y":[0]},"t":228,"s":[10]},{"t":240,"s":[20]}]},"e":{"a":1,"k":[{"i":{"x":[0.667],"y":[1]},"o":{"x":[0.333],"y":[0]},"t":60,"s":[100]},{"i":{"x":[0.667],"y":[1]},"o":{"x":[0.333],"y":[0]},"t":72,"s":[80]},{"i":{"x":[0.667],"y":[1]},"o":{"x":[0.333],"y":[0]},"t":84,"s":[90]},{"i":{"x":[0.667],"y":[1]},"o":{"x":[0.333],"y":[0]},"t":96,"s":[70]},{"i":{"x":[0.667],"y":[1]},"o":{"x":[0.333],"y":[0]},"t":108,"s":[100]},{"i":{"x":[0.667],"y":[1]},"o":{"x":[0.333],"y":[0]},"t":120,"s":[80]},{"i":{"x":[0.667],"y":[1]},"o":{"x":[0.333],"y":[0]},"t":132,"s":[90]},{"i":{"x":[0.667],"y":[1]},"o":{"x":[0.333],"y":[0]},"t":144,"s":[70]},{"i":{"x":[0.667],"y":[1]},"o":{"x":[0.333],"y":[0]},"t":156,"s":[100]},{"i":{"x":[0.667],"y":[1]},"o":{"x":[0.333],"y":[0]},"t":168,"s":[80]},{"i":{"x":[0.667],"y":[1]},"o":{"x":[0.333],"y":[0]},"t":180,"s":[80]},{"i":{"x":[0.667],"y":[1]},"o":{"x":[0.333],"y":[0]},"t":192,"s":[90]},{"i":{"x":[0.667],"y":[1]},"o":{"x":[0.333],"y":[0]},"t":204,"s":[70]},{"i":{"x":[0.667],"y":[1]},"o":{"x":[0.333],"y":[0]},"t":216,"s":[100]},{"i":{"x":[0.667],"y":[1]},"o":{"x":[0.333],"y":[0]},"t":228,"s":[80]},{"t":240,"s":[100]}]},"o":{"a":0,"k":0},"m":1,"nm":"Trim Paths 1","hd":false}],"ip":60,"op":240,"st":60,"bm":0},{"ddd":0,"ind":13,"ty":4,"nm":"beak","parent":22,"sr":1,"ks":{"r":{"a":1,"k":[{"i":{"x":[0.667],"y":[1]},"o":{"x":[0.333],"y":[0]},"t":68,"s":[1.238]},{"t":80,"s":[5.238],"h":1},{"i":{"x":[0.667],"y":[1]},"o":{"x":[0.333],"y":[0]},"t":100,"s":[5.238]},{"t":114,"s":[10.952],"h":1},{"i":{"x":[0.667],"y":[1]},"o":{"x":[0.333],"y":[0]},"t":140,"s":[10.952]},{"i":{"x":[0.667],"y":[1]},"o":{"x":[0.333],"y":[0]},"t":158,"s":[-3.259]},{"i":{"x":[0.667],"y":[1]},"o":{"x":[0.333],"y":[0]},"t":182,"s":[-3.259]},{"i":{"x":[0.667],"y":[1]},"o":{"x":[0.167],"y":[0]},"t":210,"s":[-3.259]},{"t":230,"s":[1.238]}]},"p":{"a":1,"k":[{"i":{"x":0.667,"y":1},"o":{"x":0.333,"y":0},"t":68,"s":[201.589,193.463,0],"to":[0,0,0],"ti":[0,0,0]},{"t":80,"s":[241.082,205.309,0],"h":1},{"i":{"x":0.667,"y":1},"o":{"x":0.333,"y":0},"t":100,"s":[241.082,205.309,0],"to":[0,0,0],"ti":[0,0,0]},{"t":114,"s":[151.828,190.018,0],"h":1},{"i":{"x":0.667,"y":1},"o":{"x":0.333,"y":0},"t":140,"s":[151.828,190.018,0],"to":[0,0,0],"ti":[-1.876,2.272,0]},{"i":{"x":0.667,"y":1},"o":{"x":0.333,"y":0},"t":158,"s":[197.065,177.122,0],"to":[1.875,-2.272,0],"ti":[-1.876,2.272,0]},{"i":{"x":0.667,"y":1},"o":{"x":0.333,"y":0},"t":182,"s":[197.065,177.122,0],"to":[1.875,-2.272,0],"ti":[-1.876,2.272,0]},{"i":{"x":0.667,"y":1},"o":{"x":0.167,"y":0},"t":210,"s":[197.065,177.122,0],"to":[1.875,-2.272,0],"ti":[-1.501,1.818,0]},{"t":230,"s":[201.589,193.463,0]}]},"a":{"a":0,"k":[99.727,19.536,0]},"s":{"a":0,"k":[106.05,93.1,100]}},"ao":0,"shapes":[{"ty":"gr","it":[{"ind":0,"ty":"sh","ks":{"a":1,"k":[{"i":{"x":0.833,"y":1},"o":{"x":0.333,"y":0},"t":68,"s":[{"i":[[12.994,-1.415],[13.99,-1.67],[9.862,-2.259],[-13.677,9.061],[-23.063,2.556],[-13.236,-7.846]],"o":[[-12.043,1.311],[-15.088,1.802],[-20.392,4.67],[22.83,-15.125],[27.153,-3.011],[24.51,14.529]],"v":[[41.697,36.974],[5.343,38.403],[-33.369,43.704],[-36.617,12.009],[-3.942,-51.521],[30.62,1.1]],"c":true}]},{"i":{"x":0.667,"y":1},"o":{"x":0.333,"y":0},"t":140,"s":[{"i":[[12.994,-1.415],[13.99,-1.67],[9.862,-2.259],[-13.677,9.061],[-23.063,2.556],[-13.236,-7.846]],"o":[[-12.043,1.311],[-15.088,1.802],[-20.392,4.67],[22.83,-15.125],[27.153,-3.011],[24.51,14.529]],"v":[[41.697,36.974],[5.343,38.403],[-33.369,43.704],[-36.617,12.009],[-3.942,-51.521],[30.62,1.1]],"c":true}]},{"i":{"x":0.667,"y":1},"o":{"x":0.333,"y":0},"t":158,"s":[{"i":[[11.821,-13.944],[45.043,-5.668],[9.862,-2.259],[-15.493,5.395],[-30.474,5.332],[-74.903,-9.906]],"o":[[-8.631,10.181],[-47.964,6.035],[-20.392,4.67],[81.514,-28.384],[32.665,-5.715],[30.442,4.026]],"v":[[101.22,37.491],[-1.379,36.141],[-81.959,54.325],[-85.206,22.629],[-3.942,-51.521],[77.592,5.643]],"c":true}]},{"i":{"x":0.667,"y":1},"o":{"x":0.167,"y":0},"t":210,"s":[{"i":[[11.821,-13.944],[45.043,-5.668],[9.862,-2.259],[-15.493,5.395],[-30.474,5.332],[-74.903,-9.906]],"o":[[-8.631,10.181],[-47.964,6.035],[-20.392,4.67],[81.514,-28.384],[32.665,-5.715],[30.442,4.026]],"v":[[101.22,37.491],[-1.379,36.141],[-81.959,54.325],[-85.206,22.629],[-3.942,-51.521],[77.592,5.643]],"c":true}]},{"t":230,"s":[{"i":[[12.994,-1.415],[13.99,-1.67],[9.862,-2.259],[-13.677,9.061],[-23.063,2.556],[-13.236,-7.846]],"o":[[-12.043,1.311],[-15.088,1.802],[-20.392,4.67],[22.83,-15.125],[27.153,-3.011],[24.51,14.529]],"v":[[41.697,36.974],[5.343,38.403],[-33.369,43.704],[-36.617,12.009],[-3.942,-51.521],[30.62,1.1]],"c":true}]}]},"nm":"Path 1","hd":false},{"ty":"st","c":{"a":0,"k":[0.811999990426,0.20800000359,0.008000000785,1]},"o":{"a":0,"k":100},"w":{"a":0,"k":6.667},"lc":1,"lj":1,"ml":10,"bm":0,"nm":"Stroke 1","hd":false},{"ty":"fl","c":{"a":0,"k":[1,0.361000001197,0.118000000598,1]},"o":{"a":0,"k":100},"r":1,"bm":0,"nm":"Fill 1","hd":false},{"ty":"tr","p":{"a":0,"k":[97.207,71.199]},"a":{"a":0,"k":[0,0]},"s":{"a":0,"k":[100,100]},"r":{"a":0,"k":0},"o":{"a":0,"k":100},"sk":{"a":0,"k":0},"sa":{"a":0,"k":0},"nm":"Transform"}],"nm":"Group 1","bm":0,"hd":false}],"ip":60,"op":240,"st":60,"bm":0},{"ddd":0,"ind":14,"ty":4,"nm":"eye_r 2","parent":15,"sr":1,"ks":{"o":{"a":1,"k":[{"t":110,"s":[100],"h":1},{"t":112,"s":[0],"h":1},{"t":116,"s":[0],"h":1},{"t":119,"s":[100],"h":1},{"t":122,"s":[100],"h":1},{"t":123,"s":[0],"h":1},{"t":132,"s":[100],"h":1},{"t":180,"s":[100],"h":1},{"t":182,"s":[0],"h":1},{"t":192,"s":[100],"h":1}]},"p":{"a":0,"k":[27.147,31.05,0]},"a":{"a":0,"k":[27.147,31.05,0]},"s":{"a":0,"k":[18.547,18.547,100]}},"ao":0,"shapes":[{"ty":"gr","it":[{"ind":0,"ty":"sh","ks":{"a":0,"k":{"i":[[-0.661,-16.693],[14.49,-0.574],[0.661,16.693],[-14.49,0.574]],"o":[[0.661,16.693],[-14.49,0.574],[-0.662,-16.693],[14.49,-0.574]],"v":[[26.237,-1.04],[1.198,30.225],[-26.236,1.039],[-1.198,-30.225]],"c":true}},"nm":"Path 1","hd":false},{"ty":"fl","c":{"a":0,"k":[1,1,1,1]},"o":{"a":0,"k":100},"r":1,"bm":0,"nm":"Fill 1","hd":false},{"ty":"tr","p":{"a":0,"k":[-23.787,-45.981]},"a":{"a":0,"k":[0,0]},"s":{"a":0,"k":[100,100]},"r":{"a":0,"k":0},"o":{"a":0,"k":100},"sk":{"a":0,"k":0},"sa":{"a":0,"k":0},"nm":"Transform"}],"nm":"Group 1","bm":0,"hd":false}],"ip":60,"op":268,"st":60,"bm":0},{"ddd":0,"ind":15,"ty":4,"nm":"eye_r","parent":13,"sr":1,"ks":{"p":{"a":1,"k":[{"i":{"x":0.667,"y":1},"o":{"x":0.333,"y":0},"t":68,"s":[190.812,28.758,0],"to":[-1.728,-0.049,0],"ti":[1.728,0.049,0]},{"t":80,"s":[180.443,28.465,0],"h":1},{"i":{"x":0.667,"y":1},"o":{"x":0.333,"y":0},"t":100,"s":[180.443,28.465,0],"to":[1.728,0.049,0],"ti":[-1.728,-0.049,0]},{"t":114,"s":[190.812,28.758,0],"h":1},{"t":140,"s":[190.812,28.758,0],"h":1}]},"a":{"a":0,"k":[27.148,31.05,0]},"s":{"a":1,"k":[{"i":{"x":[0.667,0.667,0.667],"y":[1,1,1]},"o":{"x":[0.333,0.333,0.333],"y":[0,0,0]},"t":68,"s":[100,100,100]},{"t":80,"s":[80,100,100],"h":1},{"i":{"x":[0.667,0.667,0.667],"y":[1,1,1]},"o":{"x":[0.333,0.333,0.333],"y":[0,0,0]},"t":100,"s":[80,100,100]},{"t":114,"s":[100,100,100],"h":1},{"i":{"x":[0.667,0.667,0.667],"y":[1,1,1]},"o":{"x":[0.333,0.333,0.333],"y":[0,0,0]},"t":140,"s":[100,100,100]},{"i":{"x":[0.667,0.667,0.667],"y":[1,1,1]},"o":{"x":[0.333,0.333,0.333],"y":[0,0,0]},"t":158,"s":[60,60,100]},{"i":{"x":[0.667,0.667,0.667],"y":[1,1,1]},"o":{"x":[0.167,0.167,0.167],"y":[0,0,0]},"t":210,"s":[60,60,100]},{"t":230,"s":[100,100,100]}]}},"ao":0,"shapes":[{"ty":"gr","it":[{"ind":0,"ty":"sh","ks":{"a":1,"k":[{"i":{"x":0,"y":1},"o":{"x":0.333,"y":0},"t":110,"s":[{"i":[[-0.661,-16.693],[14.49,-0.574],[0.661,16.693],[-14.49,0.574]],"o":[[0.661,16.693],[-14.49,0.574],[-0.662,-16.693],[14.49,-0.574]],"v":[[26.237,-1.04],[1.198,30.225],[-26.236,1.039],[-1.198,-30.225]],"c":true}]},{"i":{"x":0,"y":1},"o":{"x":0.333,"y":0},"t":116,"s":[{"i":[[-2.853,-1.819],[17.436,-0.513],[-2.3,2.121],[-24.836,1.391]],"o":[[4.6,2.933],[-26.239,0.772],[3.242,-2.989],[21.835,-1.223]],"v":[[26.237,5.857],[1.819,15.499],[-26.236,7.936],[0.922,8.214]],"c":true}]},{"i":{"x":0,"y":1},"o":{"x":0.167,"y":0},"t":122,"s":[{"i":[[-0.661,-16.693],[14.49,-0.574],[0.661,16.693],[-14.49,0.574]],"o":[[0.661,16.693],[-14.49,0.574],[-0.662,-16.693],[14.49,-0.574]],"v":[[26.237,-1.04],[1.198,30.225],[-26.236,1.039],[-1.198,-30.225]],"c":true}]},{"i":{"x":0,"y":1},"o":{"x":0.333,"y":0},"t":128,"s":[{"i":[[-2.853,-1.819],[17.436,-0.513],[-2.3,2.121],[-24.836,1.391]],"o":[[4.6,2.933],[-26.239,0.772],[3.242,-2.989],[21.835,-1.223]],"v":[[26.237,5.857],[1.819,15.499],[-26.236,7.936],[0.922,8.214]],"c":true}]},{"i":{"x":0.833,"y":1},"o":{"x":0.167,"y":0},"t":140,"s":[{"i":[[-0.661,-16.693],[14.49,-0.574],[0.661,16.693],[-14.49,0.574]],"o":[[0.661,16.693],[-14.49,0.574],[-0.662,-16.693],[14.49,-0.574]],"v":[[26.237,-1.04],[1.198,30.225],[-26.236,1.039],[-1.198,-30.225]],"c":true}]},{"i":{"x":0,"y":1},"o":{"x":0.333,"y":0},"t":180,"s":[{"i":[[-0.661,-16.693],[14.49,-0.574],[0.661,16.693],[-14.49,0.574]],"o":[[0.661,16.693],[-14.49,0.574],[-0.662,-16.693],[14.49,-0.574]],"v":[[26.237,-1.04],[1.198,30.225],[-26.236,1.039],[-1.198,-30.225]],"c":true}]},{"i":{"x":0,"y":1},"o":{"x":0.333,"y":0},"t":188,"s":[{"i":[[-2.853,-1.819],[17.436,-0.513],[-2.3,2.121],[-24.836,1.391]],"o":[[4.6,2.933],[-26.239,0.772],[3.242,-2.989],[21.835,-1.223]],"v":[[26.237,5.857],[1.819,15.499],[-26.236,7.936],[0.922,8.214]],"c":true}]},{"t":198,"s":[{"i":[[-0.661,-16.693],[14.49,-0.574],[0.661,16.693],[-14.49,0.574]],"o":[[0.661,16.693],[-14.49,0.574],[-0.662,-16.693],[14.49,-0.574]],"v":[[26.237,-1.04],[1.198,30.225],[-26.236,1.039],[-1.198,-30.225]],"c":true}]}]},"nm":"Path 1","hd":false},{"ty":"fl","c":{"a":0,"k":[0,0,0,1]},"o":{"a":0,"k":100},"r":1,"bm":0,"nm":"Fill 1","hd":false},{"ty":"tr","p":{"a":0,"k":[27.147,31.05]},"a":{"a":0,"k":[0,0]},"s":{"a":0,"k":[100,100]},"r":{"a":0,"k":0},"o":{"a":0,"k":100},"sk":{"a":0,"k":0},"sa":{"a":0,"k":0},"nm":"Transform"}],"nm":"Group 1","bm":0,"hd":false},{"ty":"st","c":{"a":0,"k":[0,0,0,1]},"o":{"a":0,"k":100},"w":{"a":1,"k":[{"i":{"x":[0],"y":[1]},"o":{"x":[0.333],"y":[0]},"t":110,"s":[0]},{"i":{"x":[0],"y":[1]},"o":{"x":[0.333],"y":[0]},"t":116,"s":[10]},{"i":{"x":[0],"y":[1]},"o":{"x":[0.167],"y":[0]},"t":122,"s":[0]},{"i":{"x":[0],"y":[1]},"o":{"x":[0.333],"y":[0]},"t":128,"s":[10]},{"i":{"x":[0.833],"y":[1]},"o":{"x":[0.167],"y":[0]},"t":140,"s":[0]},{"i":{"x":[0],"y":[1]},"o":{"x":[0.333],"y":[0]},"t":180,"s":[0]},{"i":{"x":[0],"y":[1]},"o":{"x":[0.333],"y":[0]},"t":188,"s":[10]},{"t":200,"s":[0]}]},"lc":1,"lj":1,"ml":4,"bm":0,"nm":"Stroke 1","hd":false}],"ip":60,"op":240,"st":60,"bm":0},{"ddd":0,"ind":16,"ty":4,"nm":"eye_l 2","parent":17,"sr":1,"ks":{"o":{"a":1,"k":[{"t":110,"s":[100],"h":1},{"t":112,"s":[0],"h":1},{"t":116,"s":[0],"h":1},{"t":119,"s":[100],"h":1},{"t":122,"s":[100],"h":1},{"t":123,"s":[0],"h":1},{"t":132,"s":[100],"h":1},{"t":182,"s":[100],"h":1},{"t":184,"s":[0],"h":1},{"t":194,"s":[100],"h":1}]},"p":{"a":0,"k":[30.388,33.639,0]},"a":{"a":0,"k":[30.388,33.639,0]},"s":{"a":0,"k":[27.37,27.37,100]}},"ao":0,"shapes":[{"ty":"gr","it":[{"ind":0,"ty":"sh","ks":{"a":0,"k":{"i":[[4.689,-16.192],[14.055,4.071],[-4.689,16.192],[-14.055,-4.07]],"o":[[-4.689,16.192],[-14.055,-4.07],[4.69,-16.192],[14.055,4.071]],"v":[[25.449,7.37],[-8.491,29.318],[-25.449,-7.37],[8.491,-29.319]],"c":true}},"nm":"Path 1","hd":false},{"ty":"fl","c":{"a":0,"k":[1,1,1,1]},"o":{"a":0,"k":100},"r":1,"bm":0,"nm":"Fill 1","hd":false},{"ty":"tr","p":{"a":0,"k":[15.77,-20.802]},"a":{"a":0,"k":[0,0]},"s":{"a":0,"k":[75.153,75.153]},"r":{"a":0,"k":0},"o":{"a":0,"k":100},"sk":{"a":0,"k":0},"sa":{"a":0,"k":0},"nm":"Transform"}],"nm":"Group 1","bm":0,"hd":false}],"ip":60,"op":268,"st":60,"bm":0},{"ddd":0,"ind":17,"ty":4,"nm":"eye_l","parent":13,"sr":1,"ks":{"r":{"a":1,"k":[{"i":{"x":[0.667],"y":[1]},"o":{"x":[0.333],"y":[0]},"t":100,"s":[0]},{"t":114,"s":[-12],"h":1},{"i":{"x":[0.667],"y":[1]},"o":{"x":[0.333],"y":[0]},"t":140,"s":[-12]},{"t":158,"s":[0]}]},"p":{"a":1,"k":[{"i":{"x":0.667,"y":1},"o":{"x":0.333,"y":0},"t":68,"s":[1.347,31.614,0],"to":[0.338,0.724,0],"ti":[-0.338,-0.724,0]},{"t":80,"s":[3.374,35.957,0],"h":1},{"i":{"x":0.667,"y":1},"o":{"x":0.333,"y":0},"t":100,"s":[3.374,35.957,0],"to":[2.97,0.579,0],"ti":[-2.97,-0.579,0]},{"t":114,"s":[21.192,39.433,0],"h":1},{"i":{"x":0.667,"y":1},"o":{"x":0.333,"y":0},"t":140,"s":[21.192,39.433,0],"to":[-3.307,-1.303,0],"ti":[3.307,1.303,0]},{"t":158,"s":[1.347,31.614,0]}]},"a":{"a":0,"k":[30.368,34.202,0]},"s":{"a":1,"k":[{"i":{"x":[0.667,0.667,0.667],"y":[1,1,1]},"o":{"x":[0.333,0.333,0.333],"y":[0,0,0]},"t":68,"s":[100,100,100]},{"i":{"x":[0.667,0.667,0.667],"y":[1,1,1]},"o":{"x":[0.333,0.333,0.333],"y":[0,0,0]},"t":76,"s":[100,100,100]},{"t":80,"s":[137,137,100],"h":1},{"i":{"x":[0.667,0.667,0.667],"y":[1,1,1]},"o":{"x":[0.333,0.333,0.333],"y":[0,0,0]},"t":100,"s":[137,137,100]},{"t":114,"s":[109.6,137,100],"h":1},{"i":{"x":[0.667,0.667,0.667],"y":[1,1,1]},"o":{"x":[0.333,0.333,0.333],"y":[0,0,0]},"t":140,"s":[109.6,137,100]},{"i":{"x":[0.667,0.667,0.667],"y":[1,1,1]},"o":{"x":[0.333,0.333,0.333],"y":[0,0,0]},"t":158,"s":[60,60,100]},{"i":{"x":[0.667,0.667,0.667],"y":[1,1,1]},"o":{"x":[0.167,0.167,0.167],"y":[0,0,0]},"t":210,"s":[60,60,100]},{"t":230,"s":[100,100,100]}]}},"ao":0,"shapes":[{"ty":"gr","it":[{"ind":0,"ty":"sh","ks":{"a":1,"k":[{"i":{"x":0,"y":1},"o":{"x":0.333,"y":0},"t":110,"s":[{"i":[[4.689,-16.192],[14.055,4.071],[-4.689,16.192],[-14.055,-4.07]],"o":[[-4.689,16.192],[-14.055,-4.07],[4.69,-16.192],[14.055,4.071]],"v":[[25.449,7.37],[-8.491,29.318],[-25.449,-7.37],[8.491,-29.319]],"c":true}]},{"i":{"x":0,"y":1},"o":{"x":0.333,"y":0},"t":116,"s":[{"i":[[-3.12,-2.95],[16.641,0.607],[-1.973,3.962],[-14.632,-0.137]],"o":[[4.034,3.815],[-14.623,-0.533],[2.838,-5.699],[16.326,0.153]],"v":[[26.195,4.34],[0.215,15.429],[-25.2,3.236],[0.282,8.812]],"c":true}]},{"i":{"x":0,"y":1},"o":{"x":0.167,"y":0},"t":122,"s":[{"i":[[4.689,-16.192],[14.055,4.071],[-4.689,16.192],[-14.055,-4.07]],"o":[[-4.689,16.192],[-14.055,-4.07],[4.69,-16.192],[14.055,4.071]],"v":[[25.449,7.37],[-8.491,29.318],[-25.449,-7.37],[8.491,-29.319]],"c":true}]},{"i":{"x":0,"y":1},"o":{"x":0.333,"y":0},"t":128,"s":[{"i":[[-3.12,-2.95],[16.641,0.607],[-1.973,3.962],[-14.632,-0.137]],"o":[[4.034,3.815],[-14.623,-0.533],[2.838,-5.699],[16.326,0.153]],"v":[[26.195,4.34],[0.215,15.429],[-25.2,3.236],[0.282,8.812]],"c":true}]},{"i":{"x":0.833,"y":0.833},"o":{"x":0.167,"y":0},"t":140,"s":[{"i":[[4.689,-16.192],[14.055,4.071],[-4.689,16.192],[-14.055,-4.07]],"o":[[-4.689,16.192],[-14.055,-4.07],[4.69,-16.192],[14.055,4.071]],"v":[[25.449,7.37],[-8.491,29.318],[-25.449,-7.37],[8.491,-29.319]],"c":true}]},{"i":{"x":0.833,"y":0.833},"o":{"x":0.167,"y":0.167},"t":145,"s":[{"i":[[5.093,-17.588],[15.267,4.421],[-5.094,17.588],[-15.267,-4.422]],"o":[[-5.093,17.588],[-15.267,-4.421],[5.094,-17.588],[15.267,4.422]],"v":[[25.045,5.127],[-11.822,28.967],[-30.242,-10.884],[6.625,-34.726]],"c":true}]},{"i":{"x":0.833,"y":1},"o":{"x":0.167,"y":0.167},"t":148,"s":[{"i":[[4.689,-16.192],[14.055,4.071],[-4.689,16.192],[-14.055,-4.07]],"o":[[-4.689,16.192],[-14.055,-4.07],[4.69,-16.192],[14.055,4.071]],"v":[[25.449,7.37],[-8.491,29.318],[-25.449,-7.37],[8.491,-29.319]],"c":true}]},{"i":{"x":0,"y":1},"o":{"x":0.333,"y":0},"t":182,"s":[{"i":[[4.689,-16.192],[14.055,4.071],[-4.689,16.192],[-14.055,-4.07]],"o":[[-4.689,16.192],[-14.055,-4.07],[4.69,-16.192],[14.055,4.071]],"v":[[25.449,7.37],[-8.491,29.318],[-25.449,-7.37],[8.491,-29.319]],"c":true}]},{"i":{"x":0,"y":1},"o":{"x":0.333,"y":0},"t":190,"s":[{"i":[[-3.12,-2.95],[16.641,0.607],[-1.973,3.962],[-14.632,-0.137]],"o":[[4.034,3.815],[-14.623,-0.533],[2.838,-5.699],[16.326,0.153]],"v":[[26.195,4.34],[0.215,15.429],[-25.2,3.236],[0.282,8.812]],"c":true}]},{"t":202,"s":[{"i":[[4.689,-16.192],[14.055,4.071],[-4.689,16.192],[-14.055,-4.07]],"o":[[-4.689,16.192],[-14.055,-4.07],[4.69,-16.192],[14.055,4.071]],"v":[[25.449,7.37],[-8.491,29.318],[-25.449,-7.37],[8.491,-29.319]],"c":true}]}]},"nm":"Path 1","hd":false},{"ty":"fl","c":{"a":0,"k":[0,0,0,1]},"o":{"a":0,"k":100},"r":1,"bm":0,"nm":"Fill 1","hd":false},{"ty":"tr","p":{"a":0,"k":[30.388,33.639]},"a":{"a":0,"k":[0,0]},"s":{"a":0,"k":[100,100]},"r":{"a":0,"k":0},"o":{"a":0,"k":100},"sk":{"a":0,"k":0},"sa":{"a":0,"k":0},"nm":"Transform"}],"nm":"Group 1","bm":0,"hd":false},{"ty":"st","c":{"a":0,"k":[0,0,0,1]},"o":{"a":0,"k":100},"w":{"a":1,"k":[{"i":{"x":[0],"y":[1]},"o":{"x":[0.333],"y":[0]},"t":110,"s":[0]},{"i":{"x":[0],"y":[1]},"o":{"x":[0.333],"y":[0]},"t":116,"s":[10]},{"i":{"x":[0],"y":[1]},"o":{"x":[0.167],"y":[0]},"t":122,"s":[0]},{"i":{"x":[0],"y":[1]},"o":{"x":[0.333],"y":[0]},"t":128,"s":[10]},{"i":{"x":[0.833],"y":[1]},"o":{"x":[0.167],"y":[0]},"t":140,"s":[0]},{"i":{"x":[0],"y":[1]},"o":{"x":[0.333],"y":[0]},"t":182,"s":[0]},{"i":{"x":[0],"y":[1]},"o":{"x":[0.333],"y":[0]},"t":190,"s":[10]},{"t":202,"s":[0]}]},"lc":1,"lj":1,"ml":4,"bm":0,"nm":"Stroke 1","hd":false}],"ip":60,"op":240,"st":60,"bm":0},{"ddd":0,"ind":18,"ty":4,"nm":"head_bl1","parent":22,"sr":1,"ks":{"p":{"a":0,"k":[320.498,178.454,0]},"a":{"a":0,"k":[48.324,110.462,0]}},"ao":0,"shapes":[{"ty":"gr","it":[{"ind":0,"ty":"sh","ks":{"a":0,"k":{"i":[[0,0],[0,-36.326],[19.366,-18.785]],"o":[[28.684,25.988],[0,29.13],[0,0]],"v":[[-23.323,-85.462],[23.323,12.88],[-7.594,85.462]],"c":false}},"nm":"Path 1","hd":false},{"ty":"st","c":{"a":0,"k":[0.987999949736,0.933000033509,0.128999986836,1]},"o":{"a":0,"k":100},"w":{"a":0,"k":10},"lc":2,"lj":2,"bm":0,"nm":"Stroke 1","hd":false},{"ty":"tr","p":{"a":0,"k":[48.324,110.462]},"a":{"a":0,"k":[0,0]},"s":{"a":0,"k":[100,100]},"r":{"a":0,"k":0},"o":{"a":0,"k":100},"sk":{"a":0,"k":0},"sa":{"a":0,"k":0},"nm":"Transform"}],"nm":"Group 1","bm":0,"hd":false},{"ty":"tm","s":{"a":1,"k":[{"i":{"x":[0.667],"y":[1]},"o":{"x":[0.333],"y":[0]},"t":60,"s":[5]},{"i":{"x":[0.667],"y":[1]},"o":{"x":[0.333],"y":[0]},"t":72,"s":[0]},{"i":{"x":[0.667],"y":[1]},"o":{"x":[0.333],"y":[0]},"t":84,"s":[5]},{"i":{"x":[0.667],"y":[1]},"o":{"x":[0.333],"y":[0]},"t":96,"s":[0]},{"i":{"x":[0.667],"y":[1]},"o":{"x":[0.333],"y":[0]},"t":108,"s":[5]},{"i":{"x":[0.667],"y":[1]},"o":{"x":[0.333],"y":[0]},"t":120,"s":[0]},{"i":{"x":[0.667],"y":[1]},"o":{"x":[0.333],"y":[0]},"t":132,"s":[5]},{"i":{"x":[0.667],"y":[1]},"o":{"x":[0.333],"y":[0]},"t":144,"s":[0]},{"i":{"x":[0.667],"y":[1]},"o":{"x":[0.333],"y":[0]},"t":156,"s":[5]},{"i":{"x":[0.667],"y":[1]},"o":{"x":[0.333],"y":[0]},"t":168,"s":[5]},{"i":{"x":[0.667],"y":[1]},"o":{"x":[0.333],"y":[0]},"t":180,"s":[0]},{"i":{"x":[0.667],"y":[1]},"o":{"x":[0.333],"y":[0]},"t":192,"s":[5]},{"i":{"x":[0.667],"y":[1]},"o":{"x":[0.333],"y":[0]},"t":204,"s":[0]},{"i":{"x":[0.667],"y":[1]},"o":{"x":[0.333],"y":[0]},"t":216,"s":[5]},{"i":{"x":[0.667],"y":[1]},"o":{"x":[0.167],"y":[0]},"t":228,"s":[0]},{"t":240,"s":[5]}]},"e":{"a":1,"k":[{"i":{"x":[0.667],"y":[1]},"o":{"x":[0.333],"y":[0]},"t":60,"s":[100]},{"i":{"x":[0.667],"y":[1]},"o":{"x":[0.333],"y":[0]},"t":72,"s":[95]},{"i":{"x":[0.667],"y":[1]},"o":{"x":[0.333],"y":[0]},"t":84,"s":[100]},{"i":{"x":[0.667],"y":[1]},"o":{"x":[0.333],"y":[0]},"t":96,"s":[95]},{"i":{"x":[0.667],"y":[1]},"o":{"x":[0.333],"y":[0]},"t":108,"s":[100]},{"i":{"x":[0.667],"y":[1]},"o":{"x":[0.333],"y":[0]},"t":120,"s":[95]},{"i":{"x":[0.667],"y":[1]},"o":{"x":[0.333],"y":[0]},"t":132,"s":[100]},{"i":{"x":[0.667],"y":[1]},"o":{"x":[0.333],"y":[0]},"t":144,"s":[95]},{"i":{"x":[0.667],"y":[1]},"o":{"x":[0.333],"y":[0]},"t":156,"s":[100]},{"i":{"x":[0.667],"y":[1]},"o":{"x":[0.333],"y":[0]},"t":168,"s":[100]},{"i":{"x":[0.667],"y":[1]},"o":{"x":[0.333],"y":[0]},"t":180,"s":[95]},{"i":{"x":[0.667],"y":[1]},"o":{"x":[0.333],"y":[0]},"t":192,"s":[100]},{"i":{"x":[0.667],"y":[1]},"o":{"x":[0.333],"y":[0]},"t":204,"s":[95]},{"i":{"x":[0.667],"y":[1]},"o":{"x":[0.333],"y":[0]},"t":216,"s":[100]},{"i":{"x":[0.667],"y":[1]},"o":{"x":[0.167],"y":[0]},"t":228,"s":[95]},{"t":240,"s":[100]}]},"o":{"a":0,"k":0},"m":1,"nm":"Trim Paths 1","hd":false}],"ip":60,"op":240,"st":60,"bm":0},{"ddd":0,"ind":19,"ty":4,"nm":"head_bl0","parent":22,"sr":1,"ks":{"p":{"a":0,"k":[126.397,134.159,0]},"a":{"a":0,"k":[97.475,104.838,0]}},"ao":0,"shapes":[{"ty":"gr","it":[{"ind":0,"ty":"sh","ks":{"a":0,"k":{"i":[[0,0],[-27.206,16.408],[-27.285,0]],"o":[[11.749,-27.609],[21.795,-13.143],[0,0]],"v":[[-67.477,44.82],[-7.128,-23.78],[67.476,-44.82]],"c":false}},"nm":"Path 1","hd":false},{"ty":"st","c":{"a":0,"k":[1,1,1,1]},"o":{"a":0,"k":100},"w":{"a":0,"k":10},"lc":2,"lj":2,"bm":0,"nm":"Stroke 1","hd":false},{"ty":"tm","s":{"a":1,"k":[{"i":{"x":[0.667],"y":[1]},"o":{"x":[0.333],"y":[0]},"t":60,"s":[5]},{"i":{"x":[0.667],"y":[1]},"o":{"x":[0.333],"y":[0]},"t":72,"s":[0]},{"i":{"x":[0.667],"y":[1]},"o":{"x":[0.333],"y":[0]},"t":84,"s":[5]},{"i":{"x":[0.667],"y":[1]},"o":{"x":[0.333],"y":[0]},"t":96,"s":[0]},{"i":{"x":[0.667],"y":[1]},"o":{"x":[0.333],"y":[0]},"t":108,"s":[5]},{"i":{"x":[0.667],"y":[1]},"o":{"x":[0.333],"y":[0]},"t":120,"s":[0]},{"i":{"x":[0.667],"y":[1]},"o":{"x":[0.333],"y":[0]},"t":132,"s":[5]},{"i":{"x":[0.667],"y":[1]},"o":{"x":[0.333],"y":[0]},"t":144,"s":[0]},{"i":{"x":[0.667],"y":[1]},"o":{"x":[0.333],"y":[0]},"t":156,"s":[5]},{"i":{"x":[0.667],"y":[1]},"o":{"x":[0.333],"y":[0]},"t":168,"s":[5]},{"i":{"x":[0.667],"y":[1]},"o":{"x":[0.333],"y":[0]},"t":180,"s":[0]},{"i":{"x":[0.667],"y":[1]},"o":{"x":[0.333],"y":[0]},"t":192,"s":[5]},{"i":{"x":[0.667],"y":[1]},"o":{"x":[0.333],"y":[0]},"t":204,"s":[0]},{"i":{"x":[0.667],"y":[1]},"o":{"x":[0.333],"y":[0]},"t":216,"s":[5]},{"i":{"x":[0.667],"y":[1]},"o":{"x":[0.167],"y":[0]},"t":228,"s":[0]},{"t":240,"s":[5]}]},"e":{"a":1,"k":[{"i":{"x":[0.667],"y":[1]},"o":{"x":[0.333],"y":[0]},"t":60,"s":[100]},{"i":{"x":[0.667],"y":[1]},"o":{"x":[0.333],"y":[0]},"t":72,"s":[95]},{"i":{"x":[0.667],"y":[1]},"o":{"x":[0.333],"y":[0]},"t":84,"s":[100]},{"i":{"x":[0.667],"y":[1]},"o":{"x":[0.333],"y":[0]},"t":96,"s":[95]},{"i":{"x":[0.667],"y":[1]},"o":{"x":[0.333],"y":[0]},"t":108,"s":[100]},{"i":{"x":[0.667],"y":[1]},"o":{"x":[0.333],"y":[0]},"t":120,"s":[95]},{"i":{"x":[0.667],"y":[1]},"o":{"x":[0.333],"y":[0]},"t":132,"s":[100]},{"i":{"x":[0.667],"y":[1]},"o":{"x":[0.333],"y":[0]},"t":144,"s":[95]},{"i":{"x":[0.667],"y":[1]},"o":{"x":[0.333],"y":[0]},"t":156,"s":[100]},{"i":{"x":[0.667],"y":[1]},"o":{"x":[0.333],"y":[0]},"t":168,"s":[100]},{"i":{"x":[0.667],"y":[1]},"o":{"x":[0.333],"y":[0]},"t":180,"s":[95]},{"i":{"x":[0.667],"y":[1]},"o":{"x":[0.333],"y":[0]},"t":192,"s":[100]},{"i":{"x":[0.667],"y":[1]},"o":{"x":[0.333],"y":[0]},"t":204,"s":[95]},{"i":{"x":[0.667],"y":[1]},"o":{"x":[0.333],"y":[0]},"t":216,"s":[100]},{"i":{"x":[0.667],"y":[1]},"o":{"x":[0.167],"y":[0]},"t":228,"s":[95]},{"t":240,"s":[100]}]},"o":{"a":0,"k":0},"m":1,"nm":"Trim Paths 1","hd":false},{"ty":"tr","p":{"a":0,"k":[102.473,69.82]},"a":{"a":0,"k":[0,0]},"s":{"a":0,"k":[100,100]},"r":{"a":0,"k":0},"o":{"a":0,"k":100},"sk":{"a":0,"k":0},"sa":{"a":0,"k":0},"nm":"Transform"}],"nm":"Group 2","bm":0,"hd":false}],"ip":60,"op":240,"st":60,"bm":0},{"ddd":0,"ind":20,"ty":4,"nm":"wing_l_bl 2","parent":21,"sr":1,"ks":{"p":{"a":0,"k":[58.491,81.784,0]},"a":{"a":0,"k":[39.576,60.461,0]}},"ao":0,"shapes":[{"ty":"gr","it":[{"ind":0,"ty":"sh","ks":{"a":1,"k":[{"i":{"x":0.667,"y":1},"o":{"x":0.333,"y":0},"t":68,"s":[{"i":[[0,0],[-27.412,26.106]],"o":[[-9.814,-27.276],[0,0]],"v":[[-10.663,38.916],[22.1,-45.125]],"c":false}]},{"i":{"x":0.667,"y":1},"o":{"x":0.333,"y":0},"t":80,"s":[{"i":[[0,0],[-23.011,17.647]],"o":[[10.155,7.72],[0,0]],"v":[[-37.288,9.306],[22.514,-5.109]],"c":false}]},{"i":{"x":0.667,"y":1},"o":{"x":0.333,"y":0},"t":86,"s":[{"i":[[0,0],[-23.011,17.647]],"o":[[10.155,7.72],[0,0]],"v":[[-37.288,9.306],[22.514,-5.109]],"c":false}]},{"i":{"x":0.667,"y":1},"o":{"x":0.333,"y":0},"t":100,"s":[{"i":[[0,0],[-23.011,17.647]],"o":[[10.155,7.72],[0,0]],"v":[[-37.288,9.306],[22.514,-5.109]],"c":false}]},{"t":114,"s":[{"i":[[0,0],[0.288,21.282]],"o":[[7.541,-12.171],[0,0]],"v":[[1.131,59.403],[18.308,5.123]],"c":false}]}]},"nm":"Path 1","hd":false},{"ty":"st","c":{"a":0,"k":[1,1,1,1]},"o":{"a":0,"k":100},"w":{"a":0,"k":10},"lc":2,"lj":2,"bm":0,"nm":"Stroke 1","hd":false},{"ty":"tr","p":{"a":0,"k":[39.576,60.461]},"a":{"a":0,"k":[0,0]},"s":{"a":0,"k":[100,100]},"r":{"a":0,"k":0},"o":{"a":0,"k":100},"sk":{"a":0,"k":0},"sa":{"a":0,"k":0},"nm":"Transform"}],"nm":"Group 1","bm":0,"hd":false},{"ty":"tm","s":{"a":1,"k":[{"i":{"x":[0.667],"y":[1]},"o":{"x":[0.333],"y":[0]},"t":72,"s":[0]},{"i":{"x":[0.667],"y":[1]},"o":{"x":[0.333],"y":[0]},"t":84,"s":[5]},{"i":{"x":[0.667],"y":[1]},"o":{"x":[0.333],"y":[0]},"t":96,"s":[0]},{"t":108,"s":[5]}]},"e":{"a":1,"k":[{"i":{"x":[0.667],"y":[1]},"o":{"x":[0.333],"y":[0]},"t":72,"s":[95]},{"i":{"x":[0.667],"y":[1]},"o":{"x":[0.333],"y":[0]},"t":84,"s":[100]},{"i":{"x":[0.667],"y":[1]},"o":{"x":[0.333],"y":[0]},"t":96,"s":[95]},{"t":108,"s":[100]}]},"o":{"a":0,"k":0},"m":1,"nm":"Trim Paths 1","hd":false}],"ip":76,"op":106,"st":60,"bm":0},{"ddd":0,"ind":21,"ty":4,"nm":"wing_l 2","parent":30,"sr":1,"ks":{"p":{"a":0,"k":[90.955,25,0]},"a":{"a":0,"k":[90.955,25,0]}},"ao":0,"shapes":[{"ty":"gr","it":[{"ind":0,"ty":"sh","ks":{"a":1,"k":[{"i":{"x":0.667,"y":1},"o":{"x":0.333,"y":0},"t":68,"s":[{"i":[[0,0],[12.341,9.191],[-50.426,37.782]],"o":[[-13.53,28.324],[-12.073,-8.99],[0,0]],"v":[[32.978,13.596],[-18.413,47.618],[17.449,-56.809]],"c":false}]},{"i":{"x":0.667,"y":1},"o":{"x":0.333,"y":0},"t":80,"s":[{"i":[[0,0],[14.592,41.565],[-21.293,32.809]],"o":[[-21.941,28.95],[-9.471,-26.978],[0,0]],"v":[[60.718,-14.122],[-54.96,10.674],[26.303,-65.518]],"c":false}]},{"i":{"x":0.667,"y":1},"o":{"x":0.333,"y":0},"t":86,"s":[{"i":[[0,0],[14.592,41.565],[-21.293,32.809]],"o":[[-21.941,28.95],[-9.471,-26.978],[0,0]],"v":[[60.718,-14.122],[-54.96,10.674],[26.303,-65.518]],"c":false}]},{"i":{"x":0.667,"y":1},"o":{"x":0.333,"y":0},"t":100,"s":[{"i":[[0,0],[14.592,41.565],[-21.293,32.809]],"o":[[-21.941,28.95],[-9.471,-26.978],[0,0]],"v":[[60.718,-14.122],[-54.96,10.674],[26.303,-65.518]],"c":false}]},{"t":114,"s":[{"i":[[0,0],[20.797,22.973],[44.174,49.309]],"o":[[13.233,49.298],[-22.304,-24.639],[0,0]],"v":[[60.258,-13.585],[-12.376,81.758],[-10.493,-22.552]],"c":false}]}]},"nm":"Path 1","hd":false},{"ty":"st","c":{"a":0,"k":[0.980000035903,0.564000028722,0.088000002094,1]},"o":{"a":0,"k":100},"w":{"a":0,"k":10},"lc":2,"lj":2,"bm":0,"nm":"Stroke 1","hd":false},{"ty":"fl","c":{"a":0,"k":[1,0.834999952129,0.152999997606,1]},"o":{"a":0,"k":100},"r":1,"bm":0,"nm":"Fill 1","hd":false},{"ty":"tr","p":{"a":0,"k":[57.978,81.809]},"a":{"a":0,"k":[0,0]},"s":{"a":0,"k":[100,100]},"r":{"a":0,"k":0},"o":{"a":0,"k":100},"sk":{"a":0,"k":0},"sa":{"a":0,"k":0},"nm":"Transform"}],"nm":"Group 1","bm":0,"hd":false}],"ip":76,"op":106,"st":60,"bm":0},{"ddd":0,"ind":22,"ty":4,"nm":"head","parent":23,"sr":1,"ks":{"p":{"a":0,"k":[-0.844,-185.896,0]},"a":{"a":0,"k":[198.872,158.783,0]}},"ao":0,"shapes":[{"ty":"gr","it":[{"ind":0,"ty":"sh","ks":{"a":0,"k":{"i":[[0,0],[0,35.849],[-96.027,0],[0,-85.843],[23.231,-23.356]],"o":[[-34.972,-19.697],[0,-85.843],[96.027,0],[0,36.217],[0,0]],"v":[[-127.667,133.783],[-173.872,36.566],[-0.001,-133.783],[173.872,36.566],[136.785,126.808]],"c":false}},"nm":"Path 1","hd":false},{"ty":"st","c":{"a":0,"k":[0.980000035903,0.564000028722,0.088000002094,1]},"o":{"a":0,"k":100},"w":{"a":0,"k":10},"lc":2,"lj":1,"ml":10,"bm":0,"nm":"Stroke 1","hd":false},{"ty":"fl","c":{"a":0,"k":[1,0.834999952129,0.152999997606,1]},"o":{"a":0,"k":100},"r":1,"bm":0,"nm":"Fill 1","hd":false},{"ty":"tr","p":{"a":0,"k":[198.872,158.783]},"a":{"a":0,"k":[0,0]},"s":{"a":0,"k":[100,100]},"r":{"a":0,"k":0},"o":{"a":0,"k":100},"sk":{"a":0,"k":0},"sa":{"a":0,"k":0},"nm":"Transform"}],"nm":"Group 1","bm":0,"hd":false}],"ip":60,"op":240,"st":60,"bm":0},{"ddd":0,"ind":23,"ty":3,"nm":"Null 33","parent":37,"sr":1,"ks":{"o":{"a":0,"k":0},"r":{"a":1,"k":[{"i":{"x":[0.667],"y":[1]},"o":{"x":[0.333],"y":[0]},"t":60,"s":[0]},{"i":{"x":[0.667],"y":[1]},"o":{"x":[0.333],"y":[0]},"t":86,"s":[-5.339]},{"i":{"x":[0.667],"y":[1]},"o":{"x":[0.167],"y":[0]},"t":120,"s":[-5.339]},{"i":{"x":[0.833],"y":[1]},"o":{"x":[0.167],"y":[0]},"t":140,"s":[-5.339]},{"i":{"x":[0.833],"y":[1]},"o":{"x":[0.167],"y":[0]},"t":166,"s":[6.755]},{"i":{"x":[0.667],"y":[1]},"o":{"x":[0.167],"y":[0]},"t":210,"s":[6.755]},{"t":230,"s":[0]}]},"p":{"a":1,"k":[{"i":{"x":0.667,"y":1},"o":{"x":0.333,"y":0},"t":60,"s":[207.875,145.921,0],"to":[0,1.667,0],"ti":[0,-1.667,0]},{"i":{"x":0.667,"y":0.667},"o":{"x":0.333,"y":0.333},"t":86,"s":[207.875,155.921,0],"to":[0,0,0],"ti":[0,0,0]},{"i":{"x":0.667,"y":0.667},"o":{"x":0.167,"y":0.167},"t":120,"s":[207.875,155.921,0],"to":[0,0,0],"ti":[0,0,0]},{"i":{"x":0.667,"y":1},"o":{"x":0.167,"y":0},"t":140,"s":[207.875,155.921,0],"to":[0,0,0],"ti":[0,0,0]},{"i":{"x":0.667,"y":0.667},"o":{"x":0.167,"y":0.167},"t":166,"s":[208.216,165.915,0],"to":[0,0,0],"ti":[0,0,0]},{"i":{"x":0.667,"y":1},"o":{"x":0.167,"y":0},"t":210,"s":[208.216,165.915,0],"to":[0,0,0],"ti":[0.057,3.332,0]},{"t":230,"s":[207.875,145.921,0]}]}},"ao":0,"ip":60,"op":240,"st":60,"bm":0},{"ddd":0,"ind":24,"ty":4,"nm":"wing_r_bl","parent":26,"sr":1,"ks":{"p":{"a":0,"k":[65.551,87.158,0]},"a":{"a":0,"k":[37.183,57.851,0]}},"ao":0,"shapes":[{"ty":"gr","it":[{"ind":0,"ty":"sh","ks":{"a":1,"k":[{"i":{"x":0.667,"y":1},"o":{"x":0.333,"y":0},"t":140,"s":[{"i":[[0,0],[24.367,41.336]],"o":[[3.481,-7.832],[0,0]],"v":[[2.176,32.851],[-12.184,-32.851]],"c":false}]},{"i":{"x":0.667,"y":1},"o":{"x":0.333,"y":0},"t":160,"s":[{"i":[[0,0],[31.964,38.799]],"o":[[9.766,-23.584],[0,0]],"v":[[31.148,51.044],[-12.184,-32.851]],"c":false}]},{"i":{"x":0.667,"y":1},"o":{"x":0.333,"y":0},"t":166,"s":[{"i":[[0,0],[31.964,38.799]],"o":[[13.856,-26.472],[0,0]],"v":[[8.778,53.065],[-12.184,-32.851]],"c":false}]},{"i":{"x":0.119,"y":1},"o":{"x":0.333,"y":0},"t":210,"s":[{"i":[[0,0],[31.964,38.799]],"o":[[13.856,-26.472],[0,0]],"v":[[8.778,53.065],[-12.184,-32.851]],"c":false}]},{"t":230,"s":[{"i":[[0,0],[24.367,41.336]],"o":[[3.481,-7.832],[0,0]],"v":[[2.176,32.851],[-12.184,-32.851]],"c":false}]}]},"nm":"Path 1","hd":false},{"ty":"st","c":{"a":0,"k":[0.987999949736,0.933000033509,0.128999986836,1]},"o":{"a":0,"k":100},"w":{"a":0,"k":10},"lc":2,"lj":2,"bm":0,"nm":"Stroke 1","hd":false},{"ty":"tr","p":{"a":0,"k":[37.184,57.851]},"a":{"a":0,"k":[0,0]},"s":{"a":0,"k":[100,100]},"r":{"a":0,"k":0},"o":{"a":0,"k":100},"sk":{"a":0,"k":0},"sa":{"a":0,"k":0},"nm":"Transform"}],"nm":"Group 1","bm":0,"hd":false},{"ty":"tm","s":{"a":1,"k":[{"i":{"x":[0.667],"y":[1]},"o":{"x":[0.333],"y":[0]},"t":60,"s":[0]},{"i":{"x":[0.667],"y":[1]},"o":{"x":[0.333],"y":[0]},"t":72,"s":[5]},{"i":{"x":[0.667],"y":[1]},"o":{"x":[0.333],"y":[0]},"t":84,"s":[0]},{"i":{"x":[0.667],"y":[1]},"o":{"x":[0.333],"y":[0]},"t":96,"s":[5]},{"i":{"x":[0.667],"y":[1]},"o":{"x":[0.333],"y":[0]},"t":108,"s":[0]},{"i":{"x":[0.667],"y":[1]},"o":{"x":[0.333],"y":[0]},"t":120,"s":[5]},{"i":{"x":[0.667],"y":[1]},"o":{"x":[0.333],"y":[0]},"t":132,"s":[0]},{"i":{"x":[0.667],"y":[1]},"o":{"x":[0.333],"y":[0]},"t":144,"s":[5]},{"i":{"x":[0.667],"y":[1]},"o":{"x":[0.333],"y":[0]},"t":156,"s":[5]},{"i":{"x":[0.667],"y":[1]},"o":{"x":[0.333],"y":[0]},"t":168,"s":[0]},{"i":{"x":[0.667],"y":[1]},"o":{"x":[0.333],"y":[0]},"t":180,"s":[5]},{"i":{"x":[0.667],"y":[1]},"o":{"x":[0.333],"y":[0]},"t":192,"s":[0]},{"i":{"x":[0.667],"y":[1]},"o":{"x":[0.333],"y":[0]},"t":204,"s":[5]},{"i":{"x":[0.667],"y":[1]},"o":{"x":[0.167],"y":[0]},"t":216,"s":[0]},{"i":{"x":[0.667],"y":[1]},"o":{"x":[0.167],"y":[0]},"t":228,"s":[5]},{"t":240,"s":[0]}]},"e":{"a":1,"k":[{"i":{"x":[0.667],"y":[1]},"o":{"x":[0.333],"y":[0]},"t":60,"s":[95]},{"i":{"x":[0.667],"y":[1]},"o":{"x":[0.333],"y":[0]},"t":72,"s":[100]},{"i":{"x":[0.667],"y":[1]},"o":{"x":[0.333],"y":[0]},"t":84,"s":[95]},{"i":{"x":[0.667],"y":[1]},"o":{"x":[0.333],"y":[0]},"t":96,"s":[100]},{"i":{"x":[0.667],"y":[1]},"o":{"x":[0.333],"y":[0]},"t":108,"s":[95]},{"i":{"x":[0.667],"y":[1]},"o":{"x":[0.333],"y":[0]},"t":120,"s":[100]},{"i":{"x":[0.667],"y":[1]},"o":{"x":[0.333],"y":[0]},"t":132,"s":[95]},{"i":{"x":[0.667],"y":[1]},"o":{"x":[0.333],"y":[0]},"t":144,"s":[100]},{"i":{"x":[0.667],"y":[1]},"o":{"x":[0.333],"y":[0]},"t":156,"s":[100]},{"i":{"x":[0.667],"y":[1]},"o":{"x":[0.333],"y":[0]},"t":168,"s":[95]},{"i":{"x":[0.667],"y":[1]},"o":{"x":[0.333],"y":[0]},"t":180,"s":[100]},{"i":{"x":[0.667],"y":[1]},"o":{"x":[0.333],"y":[0]},"t":192,"s":[95]},{"i":{"x":[0.667],"y":[1]},"o":{"x":[0.333],"y":[0]},"t":204,"s":[100]},{"i":{"x":[0.667],"y":[1]},"o":{"x":[0.167],"y":[0]},"t":216,"s":[95]},{"i":{"x":[0.667],"y":[1]},"o":{"x":[0.167],"y":[0]},"t":228,"s":[100]},{"t":240,"s":[95]}]},"o":{"a":0,"k":0},"m":1,"nm":"Trim Paths 1","hd":false}],"ip":60,"op":240,"st":60,"bm":0},{"ddd":0,"ind":25,"ty":3,"nm":"null_wings","parent":37,"sr":1,"ks":{"o":{"a":0,"k":0},"r":{"a":1,"k":[{"i":{"x":[0.833],"y":[1]},"o":{"x":[0.333],"y":[0]},"t":140,"s":[-1.958]},{"i":{"x":[0.413],"y":[1]},"o":{"x":[0.167],"y":[0]},"t":166,"s":[7.192]},{"i":{"x":[0.119],"y":[1]},"o":{"x":[0.89],"y":[0]},"t":210,"s":[7.192]},{"t":230,"s":[-1.958]}]},"p":{"a":1,"k":[{"i":{"x":0.833,"y":1},"o":{"x":0.333,"y":0},"t":140,"s":[208.446,133.084,0],"to":[0.057,1.666,0],"ti":[-0.057,-1.666,0]},{"i":{"x":0.413,"y":0.413},"o":{"x":0.167,"y":0.167},"t":166,"s":[208.788,143.078,0],"to":[0,0,0],"ti":[0,0,0]},{"i":{"x":0.119,"y":1},"o":{"x":0.89,"y":0},"t":210,"s":[208.788,143.078,0],"to":[-0.057,-1.666,0],"ti":[0.057,1.666,0]},{"t":230,"s":[208.446,133.084,0]}]},"a":{"a":0,"k":[60,60,0]}},"ao":0,"ip":60,"op":240,"st":60,"bm":0},{"ddd":0,"ind":26,"ty":4,"nm":"wing_r","parent":25,"sr":1,"ks":{"r":{"a":1,"k":[{"i":{"x":[0.667],"y":[1]},"o":{"x":[0.333],"y":[0]},"t":140,"s":[1.958]},{"i":{"x":[0.413],"y":[1]},"o":{"x":[0.333],"y":[0]},"t":152,"s":[-103.977]},{"i":{"x":[0.119],"y":[1]},"o":{"x":[0.89],"y":[0]},"t":210,"s":[-103.977]},{"t":230,"s":[1.958]}]},"p":{"a":1,"k":[{"i":{"x":0.667,"y":1},"o":{"x":0.333,"y":0},"t":140,"s":[159.865,40.232,0],"to":[0.829,0.066,0],"ti":[0,0,0]},{"i":{"x":0.119,"y":1},"o":{"x":0.333,"y":0},"t":210,"s":[164.842,40.63,0],"to":[0,0,0],"ti":[0.829,0.066,0]},{"t":230,"s":[159.865,40.232,0]}]},"a":{"a":0,"k":[25,25,0]}},"ao":0,"shapes":[{"ty":"gr","it":[{"ind":0,"ty":"sh","ks":{"a":1,"k":[{"i":{"x":0.667,"y":1},"o":{"x":0.333,"y":0},"t":140,"s":[{"i":[[0,0],[-11.722,9.442],[27.198,35.429]],"o":[[13.53,28.324],[9.545,-7.688],[-5.936,-7.733]],"v":[[-32.977,12.523],[19.756,48.44],[4.887,-35.924]],"c":false}]},{"i":{"x":0.667,"y":1},"o":{"x":0.333,"y":0},"t":160,"s":[{"i":[[0,0],[-24.232,0.409],[53.13,42.939]],"o":[[56.598,16.369],[31.859,-0.538],[-11.713,-9.466]],"v":[[-62.834,-6.376],[34.531,69.592],[4.139,-34.258]],"c":false}]},{"i":{"x":0.667,"y":1},"o":{"x":0.333,"y":0},"t":166,"s":[{"i":[[0,0],[-24.232,0.409],[34.216,43.899]],"o":[[50.996,17.007],[31.859,-0.538],[-8.583,-11.013]],"v":[[-50.947,-4.449],[8.329,73.408],[17.272,-30.07]],"c":false}]},{"i":{"x":0.119,"y":1},"o":{"x":0.333,"y":0},"t":210,"s":[{"i":[[0,0],[-24.232,0.409],[34.216,43.899]],"o":[[50.996,17.007],[31.859,-0.538],[-8.583,-11.013]],"v":[[-50.947,-4.449],[8.329,73.408],[17.272,-30.07]],"c":false}]},{"t":230,"s":[{"i":[[0,0],[-11.722,9.442],[27.198,35.429]],"o":[[13.53,28.324],[9.545,-7.688],[-5.936,-7.733]],"v":[[-32.977,12.523],[19.756,48.44],[4.887,-35.924]],"c":false}]}]},"nm":"Path 1","hd":false},{"ty":"st","c":{"a":0,"k":[0.980000035903,0.564000028722,0.088000002094,1]},"o":{"a":0,"k":100},"w":{"a":0,"k":10},"lc":2,"lj":2,"bm":0,"nm":"Stroke 1","hd":false},{"ty":"fl","c":{"a":0,"k":[1,0.834999952129,0.152999997606,1]},"o":{"a":0,"k":100},"r":1,"bm":0,"nm":"Fill 1","hd":false},{"ty":"tr","p":{"a":0,"k":[57.977,82.882]},"a":{"a":0,"k":[0,0]},"s":{"a":0,"k":[100,100]},"r":{"a":0,"k":0},"o":{"a":0,"k":100},"sk":{"a":0,"k":0},"sa":{"a":0,"k":0},"nm":"Transform"}],"nm":"Group 1","bm":0,"hd":false}],"ip":60,"op":240,"st":60,"bm":0},{"ddd":0,"ind":27,"ty":4,"nm":"wing_l_bl 3","parent":29,"sr":1,"ks":{"p":{"a":0,"k":[58.491,81.784,0]},"a":{"a":0,"k":[39.576,60.461,0]}},"ao":0,"shapes":[{"ty":"gr","it":[{"ind":0,"ty":"sh","ks":{"a":1,"k":[{"i":{"x":0.667,"y":1},"o":{"x":0.333,"y":0},"t":100,"s":[{"i":[[0,0],[-23.011,17.647]],"o":[[10.155,7.72],[0,0]],"v":[[-37.288,9.306],[22.514,-5.109]],"c":false}]},{"i":{"x":0.667,"y":1},"o":{"x":0.333,"y":0},"t":114,"s":[{"i":[[0,0],[0.421,13.794]],"o":[[7.541,-12.171],[0,0]],"v":[[20.954,56.899],[38.506,20.467]],"c":false}]},{"i":{"x":0.413,"y":1},"o":{"x":0.333,"y":0},"t":140,"s":[{"i":[[0,0],[0.421,13.794]],"o":[[7.541,-12.171],[0,0]],"v":[[20.954,56.899],[38.506,20.467]],"c":false}]},{"i":{"x":0.413,"y":1},"o":{"x":0.89,"y":0},"t":160,"s":[{"i":[[0,0],[-10.239,8.215]],"o":[[8.338,-10.66],[0,0]],"v":[[-0.226,15.956],[34.249,-17.178]],"c":false}]},{"i":{"x":0.413,"y":1},"o":{"x":0.89,"y":0},"t":166,"s":[{"i":[[0,0],[-10.239,8.215]],"o":[[-2.145,-9.119],[0,0]],"v":[[14.778,19.114],[34.249,-17.178]],"c":false}]},{"i":{"x":0.119,"y":1},"o":{"x":0.89,"y":0},"t":210,"s":[{"i":[[0,0],[-10.239,8.215]],"o":[[-2.145,-9.119],[0,0]],"v":[[14.778,19.114],[34.249,-17.178]],"c":false}]},{"t":230,"s":[{"i":[[0,0],[-27.412,26.106]],"o":[[-9.814,-27.276],[0,0]],"v":[[-10.663,38.916],[22.1,-45.125]],"c":false}]}]},"nm":"Path 1","hd":false},{"ty":"st","c":{"a":0,"k":[1,1,1,1]},"o":{"a":0,"k":100},"w":{"a":0,"k":10},"lc":2,"lj":2,"bm":0,"nm":"Stroke 1","hd":false},{"ty":"tr","p":{"a":0,"k":[39.576,60.461]},"a":{"a":0,"k":[0,0]},"s":{"a":0,"k":[100,100]},"r":{"a":0,"k":0},"o":{"a":0,"k":100},"sk":{"a":0,"k":0},"sa":{"a":0,"k":0},"nm":"Transform"}],"nm":"Group 1","bm":0,"hd":false},{"ty":"tm","s":{"a":1,"k":[{"i":{"x":[0.667],"y":[1]},"o":{"x":[0.333],"y":[0]},"t":96,"s":[0]},{"i":{"x":[0.667],"y":[1]},"o":{"x":[0.333],"y":[0]},"t":108,"s":[5]},{"i":{"x":[0.667],"y":[1]},"o":{"x":[0.333],"y":[0]},"t":120,"s":[0]},{"i":{"x":[0.667],"y":[1]},"o":{"x":[0.333],"y":[0]},"t":132,"s":[5]},{"i":{"x":[0.667],"y":[1]},"o":{"x":[0.333],"y":[0]},"t":144,"s":[0]},{"i":{"x":[0.667],"y":[1]},"o":{"x":[0.333],"y":[0]},"t":156,"s":[5]},{"i":{"x":[0.667],"y":[1]},"o":{"x":[0.333],"y":[0]},"t":168,"s":[5]},{"i":{"x":[0.667],"y":[1]},"o":{"x":[0.333],"y":[0]},"t":180,"s":[0]},{"i":{"x":[0.667],"y":[1]},"o":{"x":[0.333],"y":[0]},"t":192,"s":[5]},{"i":{"x":[0.667],"y":[1]},"o":{"x":[0.333],"y":[0]},"t":204,"s":[0]},{"i":{"x":[0.667],"y":[1]},"o":{"x":[0.333],"y":[0]},"t":216,"s":[5]},{"i":{"x":[0.667],"y":[1]},"o":{"x":[0.167],"y":[0]},"t":228,"s":[0]},{"t":240,"s":[5]}]},"e":{"a":1,"k":[{"i":{"x":[0.667],"y":[1]},"o":{"x":[0.333],"y":[0]},"t":96,"s":[95]},{"i":{"x":[0.667],"y":[1]},"o":{"x":[0.333],"y":[0]},"t":108,"s":[100]},{"i":{"x":[0.667],"y":[1]},"o":{"x":[0.333],"y":[0]},"t":120,"s":[95]},{"i":{"x":[0.667],"y":[1]},"o":{"x":[0.333],"y":[0]},"t":132,"s":[100]},{"i":{"x":[0.667],"y":[1]},"o":{"x":[0.333],"y":[0]},"t":144,"s":[95]},{"i":{"x":[0.667],"y":[1]},"o":{"x":[0.333],"y":[0]},"t":156,"s":[100]},{"i":{"x":[0.667],"y":[1]},"o":{"x":[0.333],"y":[0]},"t":168,"s":[100]},{"i":{"x":[0.667],"y":[1]},"o":{"x":[0.333],"y":[0]},"t":180,"s":[95]},{"i":{"x":[0.667],"y":[1]},"o":{"x":[0.333],"y":[0]},"t":192,"s":[100]},{"i":{"x":[0.667],"y":[1]},"o":{"x":[0.333],"y":[0]},"t":204,"s":[95]},{"i":{"x":[0.667],"y":[1]},"o":{"x":[0.333],"y":[0]},"t":216,"s":[100]},{"i":{"x":[0.667],"y":[1]},"o":{"x":[0.167],"y":[0]},"t":228,"s":[95]},{"t":240,"s":[100]}]},"o":{"a":0,"k":0},"m":1,"nm":"Trim Paths 1","hd":false}],"ip":106,"op":240,"st":60,"bm":0},{"ddd":0,"ind":28,"ty":4,"nm":"wing_l_bl","parent":30,"sr":1,"ks":{"p":{"a":0,"k":[58.491,81.784,0]},"a":{"a":0,"k":[39.576,60.461,0]}},"ao":0,"shapes":[{"ty":"gr","it":[{"ind":0,"ty":"sh","ks":{"a":1,"k":[{"i":{"x":0.667,"y":1},"o":{"x":0.333,"y":0},"t":68,"s":[{"i":[[0,0],[-27.412,26.106]],"o":[[-9.814,-27.276],[0,0]],"v":[[-10.663,38.916],[22.1,-45.125]],"c":false}]},{"t":80,"s":[{"i":[[0,0],[-23.011,17.647]],"o":[[10.155,7.72],[0,0]],"v":[[-37.288,9.306],[22.514,-5.109]],"c":false}]}]},"nm":"Path 1","hd":false},{"ty":"st","c":{"a":0,"k":[1,1,1,1]},"o":{"a":0,"k":100},"w":{"a":0,"k":10},"lc":2,"lj":2,"bm":0,"nm":"Stroke 1","hd":false},{"ty":"tr","p":{"a":0,"k":[39.576,60.461]},"a":{"a":0,"k":[0,0]},"s":{"a":0,"k":[100,100]},"r":{"a":0,"k":0},"o":{"a":0,"k":100},"sk":{"a":0,"k":0},"sa":{"a":0,"k":0},"nm":"Transform"}],"nm":"Group 1","bm":0,"hd":false},{"ty":"tm","s":{"a":1,"k":[{"i":{"x":[0.667],"y":[1]},"o":{"x":[0.333],"y":[0]},"t":60,"s":[5]},{"i":{"x":[0.667],"y":[1]},"o":{"x":[0.333],"y":[0]},"t":72,"s":[0]},{"t":84,"s":[5]}]},"e":{"a":1,"k":[{"i":{"x":[0.667],"y":[1]},"o":{"x":[0.333],"y":[0]},"t":60,"s":[100]},{"i":{"x":[0.667],"y":[1]},"o":{"x":[0.333],"y":[0]},"t":72,"s":[95]},{"t":84,"s":[100]}]},"o":{"a":0,"k":0},"m":1,"nm":"Trim Paths 1","hd":false}],"ip":60,"op":76,"st":60,"bm":0},{"ddd":0,"ind":29,"ty":4,"nm":"wing_l 3","parent":30,"sr":1,"ks":{"p":{"a":0,"k":[90.955,25,0]},"a":{"a":0,"k":[90.955,25,0]}},"ao":0,"shapes":[{"ty":"gr","it":[{"ind":0,"ty":"sh","ks":{"a":1,"k":[{"i":{"x":0.667,"y":1},"o":{"x":0.333,"y":0},"t":100,"s":[{"i":[[0,0],[14.592,41.565],[-21.293,32.809]],"o":[[-21.941,28.95],[-9.471,-26.978],[0,0]],"v":[[60.718,-14.122],[-54.96,10.674],[26.303,-65.518]],"c":false}]},{"i":{"x":0.667,"y":1},"o":{"x":0.333,"y":0},"t":114,"s":[{"i":[[0,0],[20.797,22.973],[44.174,49.309]],"o":[[13.233,49.298],[-22.304,-24.639],[0,0]],"v":[[60.258,-13.585],[-12.376,81.758],[-10.493,-22.552]],"c":false}]},{"i":{"x":0.667,"y":1},"o":{"x":0.333,"y":0},"t":140,"s":[{"i":[[0,0],[20.797,22.973],[44.174,49.309]],"o":[[13.233,49.298],[-22.304,-24.639],[0,0]],"v":[[60.258,-13.585],[-12.376,81.758],[-10.493,-22.552]],"c":false}]},{"i":{"x":0.413,"y":1},"o":{"x":0.333,"y":0},"t":160,"s":[{"i":[[0,0],[30.304,-6.475],[-81.365,55.161]],"o":[[-41.881,17.073],[-30.841,6.59],[0,0]],"v":[[60.718,-14.122],[-31.926,68.57],[4.261,-45.76]],"c":false}]},{"i":{"x":0.413,"y":1},"o":{"x":0.89,"y":0},"t":166,"s":[{"i":[[0,0],[30.304,-6.475],[-75.507,58.066]],"o":[[-56.305,20.682],[-30.841,6.59],[0,0]],"v":[[69.291,-20.91],[1.423,65.646],[8.247,-52.587]],"c":false}]},{"i":{"x":0.833,"y":0.833},"o":{"x":0.89,"y":0},"t":210,"s":[{"i":[[0,0],[30.304,-6.475],[-75.507,58.066]],"o":[[-56.305,20.682],[-30.841,6.59],[0,0]],"v":[[69.291,-20.91],[1.423,65.646],[8.247,-52.587]],"c":false}]},{"i":{"x":0.119,"y":1},"o":{"x":0.167,"y":0.167},"t":218,"s":[{"i":[[0,0],[27.689,-4.195],[-60.791,48.688]],"o":[[-50.078,21.795],[-28.109,4.322],[0,0]],"v":[[64.005,-15.887],[-1.465,63.022],[0.003,-49.405]],"c":false}]},{"t":230,"s":[{"i":[[0,0],[12.341,9.191],[-50.426,37.782]],"o":[[-13.53,28.324],[-12.073,-8.99],[0,0]],"v":[[32.978,13.596],[-18.413,47.618],[17.449,-56.809]],"c":false}]}]},"nm":"Path 1","hd":false},{"ty":"st","c":{"a":0,"k":[0.980000035903,0.564000028722,0.088000002094,1]},"o":{"a":0,"k":100},"w":{"a":0,"k":10},"lc":2,"lj":2,"bm":0,"nm":"Stroke 1","hd":false},{"ty":"fl","c":{"a":0,"k":[1,0.834999952129,0.152999997606,1]},"o":{"a":0,"k":100},"r":1,"bm":0,"nm":"Fill 1","hd":false},{"ty":"tr","p":{"a":0,"k":[57.978,81.809]},"a":{"a":0,"k":[0,0]},"s":{"a":0,"k":[100,100]},"r":{"a":0,"k":0},"o":{"a":0,"k":100},"sk":{"a":0,"k":0},"sa":{"a":0,"k":0},"nm":"Transform"}],"nm":"Group 1","bm":0,"hd":false}],"ip":106,"op":240,"st":60,"bm":0},{"ddd":0,"ind":30,"ty":4,"nm":"wing_l","parent":25,"sr":1,"ks":{"r":{"a":1,"k":[{"i":{"x":[0.667],"y":[1]},"o":{"x":[0.333],"y":[0]},"t":68,"s":[1.958]},{"i":{"x":[0.667],"y":[1]},"o":{"x":[0.333],"y":[0]},"t":80,"s":[94.423]},{"i":{"x":[0.667],"y":[1]},"o":{"x":[0.333],"y":[0]},"t":100,"s":[94.423]},{"i":{"x":[0.667],"y":[1]},"o":{"x":[0.167],"y":[0]},"t":114,"s":[94.423]},{"i":{"x":[0.413],"y":[1]},"o":{"x":[0.167],"y":[0]},"t":140,"s":[94.423]},{"i":{"x":[0.119],"y":[1]},"o":{"x":[0.89],"y":[0]},"t":210,"s":[94.423]},{"t":230,"s":[1.958]}]},"p":{"a":1,"k":[{"i":{"x":0.667,"y":1},"o":{"x":0.333,"y":0},"t":68,"s":[-32.888,40.154,0],"to":[-2.5,1.667,0],"ti":[2.5,-1.667,0]},{"i":{"x":0.667,"y":0.667},"o":{"x":0.333,"y":0.333},"t":80,"s":[-47.888,50.154,0],"to":[0,0,0],"ti":[0,0,0]},{"i":{"x":0.667,"y":0.667},"o":{"x":0.333,"y":0.333},"t":86,"s":[-47.888,50.154,0],"to":[0,0,0],"ti":[0,0,0]},{"i":{"x":0.667,"y":0.667},"o":{"x":0.333,"y":0.333},"t":100,"s":[-47.888,50.154,0],"to":[0,0,0],"ti":[0,0,0]},{"i":{"x":0.667,"y":0.667},"o":{"x":0.333,"y":0.333},"t":114,"s":[-47.888,50.154,0],"to":[0,0,0],"ti":[0,0,0]},{"i":{"x":0.413,"y":0.413},"o":{"x":0.333,"y":0.333},"t":140,"s":[-47.888,50.154,0],"to":[0,0,0],"ti":[0,0,0]},{"i":{"x":0.119,"y":1},"o":{"x":0.89,"y":0},"t":210,"s":[-47.888,50.154,0],"to":[2.5,-1.667,0],"ti":[-2.5,1.667,0]},{"t":230,"s":[-32.888,40.154,0]}]},"a":{"a":0,"k":[90.955,25,0]}},"ao":0,"shapes":[{"ty":"gr","it":[{"ind":0,"ty":"sh","ks":{"a":1,"k":[{"i":{"x":0.667,"y":1},"o":{"x":0.333,"y":0},"t":68,"s":[{"i":[[0,0],[12.341,9.191],[-50.426,37.782]],"o":[[-13.53,28.324],[-12.073,-8.99],[0,0]],"v":[[32.978,13.596],[-18.413,47.618],[17.449,-56.809]],"c":false}]},{"t":80,"s":[{"i":[[0,0],[14.592,41.565],[-21.293,32.809]],"o":[[-21.941,28.95],[-9.471,-26.978],[0,0]],"v":[[60.718,-14.122],[-54.96,10.674],[26.303,-65.518]],"c":false}]}]},"nm":"Path 1","hd":false},{"ty":"st","c":{"a":0,"k":[0.980000035903,0.564000028722,0.088000002094,1]},"o":{"a":0,"k":100},"w":{"a":0,"k":10},"lc":2,"lj":2,"bm":0,"nm":"Stroke 1","hd":false},{"ty":"fl","c":{"a":0,"k":[1,0.834999952129,0.152999997606,1]},"o":{"a":0,"k":100},"r":1,"bm":0,"nm":"Fill 1","hd":false},{"ty":"tr","p":{"a":0,"k":[57.978,81.809]},"a":{"a":0,"k":[0,0]},"s":{"a":0,"k":[100,100]},"r":{"a":0,"k":0},"o":{"a":0,"k":100},"sk":{"a":0,"k":0},"sa":{"a":0,"k":0},"nm":"Transform"}],"nm":"Group 1","bm":0,"hd":false}],"ip":60,"op":76,"st":60,"bm":0},{"ddd":0,"ind":31,"ty":4,"nm":"lupa7","parent":34,"sr":1,"ks":{"p":{"a":0,"k":[0,-25.25,0]}},"ao":0,"shapes":[{"ty":"gr","it":[{"ind":0,"ty":"sh","ks":{"a":0,"k":{"i":[[6.617,0],[0,-6.617],[-6.617,0],[0,6.617]],"o":[[-6.617,0],[0,6.617],[6.617,0],[0,-6.617]],"v":[[0,-9],[-12,0],[0,9],[12,0]],"c":true}},"nm":"Path 1","hd":false},{"ty":"fl","c":{"a":0,"k":[0.003921568859,0,0,1]},"o":{"a":0,"k":100},"r":1,"bm":0,"nm":"Fill 1","hd":false},{"ty":"tr","p":{"a":0,"k":[0,0]},"a":{"a":0,"k":[0,0]},"s":{"a":0,"k":[100,100]},"r":{"a":0,"k":0},"o":{"a":0,"k":100},"sk":{"a":0,"k":0},"sa":{"a":0,"k":0},"nm":"Transform"}],"nm":"Group 1","bm":0,"hd":false}],"ip":222,"op":240,"st":60,"bm":0},{"ddd":0,"ind":32,"ty":4,"nm":"lupa6","parent":34,"sr":1,"ks":{"r":{"a":0,"k":-360}},"ao":0,"shapes":[{"ty":"gr","it":[{"ind":0,"ty":"sh","ks":{"a":0,"k":{"i":[[2.537,0],[0,-2.268],[-7.11,0],[0,7.111]],"o":[[-2.537,0],[0,7.111],[7.11,0],[0,-2.268]],"v":[[0,-26],[-12.894,13.105],[0,26],[12.894,13.105]],"c":true}},"nm":"Path 1","hd":false},{"ty":"fl","c":{"a":0,"k":[0.003921568859,0,0,1]},"o":{"a":0,"k":100},"r":1,"bm":0,"nm":"Fill 1","hd":false},{"ty":"tr","p":{"a":0,"k":[0,0]},"a":{"a":0,"k":[0,0]},"s":{"a":0,"k":[100,100]},"r":{"a":0,"k":0},"o":{"a":0,"k":100},"sk":{"a":0,"k":0},"sa":{"a":0,"k":0},"nm":"Transform"}],"nm":"Group 1","bm":0,"hd":false}],"ip":222,"op":240,"st":60,"bm":0},{"ddd":0,"ind":33,"ty":4,"nm":"lupa2","parent":34,"sr":1,"ks":{"p":{"a":0,"k":[0,-25.25,0]}},"ao":0,"shapes":[{"ty":"gr","it":[{"ind":0,"ty":"sh","ks":{"a":0,"k":{"i":[[6.617,0],[0,-6.617],[-6.617,0],[0,6.617]],"o":[[-6.617,0],[0,6.617],[6.617,0],[0,-6.617]],"v":[[0,-9],[-12,0],[0,9],[12,0]],"c":true}},"nm":"Path 1","hd":false},{"ty":"fl","c":{"a":0,"k":[0.003921568859,0,0,1]},"o":{"a":0,"k":100},"r":1,"bm":0,"nm":"Fill 1","hd":false},{"ty":"tr","p":{"a":0,"k":[0,0]},"a":{"a":0,"k":[0,0]},"s":{"a":0,"k":[100,100]},"r":{"a":0,"k":0},"o":{"a":0,"k":100},"sk":{"a":0,"k":0},"sa":{"a":0,"k":0},"nm":"Transform"}],"nm":"Group 1","bm":0,"hd":false}],"ip":60,"op":72,"st":60,"bm":0},{"ddd":0,"ind":34,"ty":4,"nm":"lupa3","parent":38,"sr":1,"ks":{"o":{"a":1,"k":[{"t":70,"s":[100],"h":1},{"t":72,"s":[0],"h":1}]},"r":{"a":1,"k":[{"i":{"x":[0.667],"y":[1]},"o":{"x":[0.333],"y":[0]},"t":68,"s":[-272.549]},{"i":{"x":[0.667],"y":[1]},"o":{"x":[0.333],"y":[0]},"t":80,"s":[-381.347]},{"i":{"x":[0.667],"y":[1]},"o":{"x":[0.333],"y":[0]},"t":100,"s":[-381.347]},{"i":{"x":[0.667],"y":[1]},"o":{"x":[0.333],"y":[0]},"t":114,"s":[-398.276]},{"i":{"x":[0.667],"y":[1]},"o":{"x":[0.333],"y":[0]},"t":140,"s":[-398.276]},{"i":{"x":[0.667],"y":[1]},"o":{"x":[0.333],"y":[0]},"t":160,"s":[-466.421]},{"i":{"x":[0.413],"y":[1]},"o":{"x":[0.333],"y":[0]},"t":166,"s":[-454.411]},{"i":{"x":[0.119],"y":[1]},"o":{"x":[0.89],"y":[0]},"t":210,"s":[-454.411]},{"t":230,"s":[-272.549]}]},"p":{"a":1,"k":[{"i":{"x":0.667,"y":1},"o":{"x":0.333,"y":0},"t":68,"s":[60,60,0],"to":[45.801,-17.236,0],"ti":[0,0,0]},{"t":80,"s":[38.1,-4.168,0],"h":1},{"i":{"x":0.667,"y":1},"o":{"x":0.333,"y":0},"t":100,"s":[38.1,-4.168,0],"to":[19.129,25.333,0],"ti":[6.412,-7.381,0]},{"t":114,"s":[51.532,75.327,0],"h":1},{"i":{"x":0.667,"y":1},"o":{"x":0.333,"y":0},"t":140,"s":[51.532,75.327,0],"to":[0,0,0],"ti":[0,0,0]},{"i":{"x":0.667,"y":1},"o":{"x":0.333,"y":0},"t":160,"s":[30.69,56.206,0],"to":[0,0,0],"ti":[0,0,0]},{"i":{"x":0.413,"y":0.413},"o":{"x":0.333,"y":0.333},"t":166,"s":[61.4,55.087,0],"to":[0,0,0],"ti":[0,0,0]},{"i":{"x":0.119,"y":1},"o":{"x":0.89,"y":0},"t":210,"s":[61.4,55.087,0],"to":[0,0,0],"ti":[0,0,0]},{"t":230,"s":[60,60,0]}]},"s":{"a":0,"k":[133,133,100]}},"ao":0,"shapes":[{"ty":"gr","it":[{"ind":0,"ty":"sh","ks":{"a":0,"k":{"i":[[2.537,0],[0,-2.268],[-7.11,0],[0,7.111]],"o":[[-2.537,0],[0,7.111],[7.11,0],[0,-2.268]],"v":[[0,-26],[-12.894,13.105],[0,26],[12.894,13.105]],"c":true}},"nm":"Path 1","hd":false},{"ty":"fl","c":{"a":0,"k":[0.003921568859,0,0,1]},"o":{"a":0,"k":100},"r":1,"bm":0,"nm":"Fill 1","hd":false},{"ty":"tr","p":{"a":0,"k":[0,0]},"a":{"a":0,"k":[0,0]},"s":{"a":0,"k":[100,100]},"r":{"a":0,"k":0},"o":{"a":0,"k":100},"sk":{"a":0,"k":0},"sa":{"a":0,"k":0},"nm":"Transform"}],"nm":"Group 1","bm":0,"hd":false}],"ip":60,"op":244,"st":60,"bm":0},{"ddd":0,"ind":35,"ty":4,"nm":"body_bl","parent":37,"sr":1,"ks":{"p":{"a":0,"k":[216.973,130.423,0]},"a":{"a":0,"k":[188.59,59.694,0]}},"ao":0,"shapes":[{"ty":"gr","it":[{"ind":0,"ty":"sh","ks":{"a":1,"k":[{"i":{"x":0.667,"y":1},"o":{"x":0.333,"y":0},"t":68,"s":[{"i":[[0,0],[-2.325,-17.569]],"o":[[-14.639,20.82],[0,0]],"v":[[12.672,-9.853],[-2.23,40.631]],"c":false}]},{"i":{"x":0.413,"y":1},"o":{"x":0.167,"y":0},"t":80,"s":[{"i":[[0,0],[-18.618,-14.885]],"o":[[-2.767,11.612],[0,0]],"v":[[0.832,53.589],[17.809,99.981]],"c":false}]},{"i":{"x":0.119,"y":1},"o":{"x":0.89,"y":0},"t":210,"s":[{"i":[[0,0],[-18.618,-14.885]],"o":[[-2.767,11.612],[0,0]],"v":[[0.832,53.589],[17.809,99.981]],"c":false}]},{"t":230,"s":[{"i":[[0,0],[-2.325,-17.569]],"o":[[-14.639,20.82],[0,0]],"v":[[12.672,-9.853],[-2.23,40.631]],"c":false}]}]},"nm":"Path 1","hd":false},{"ty":"st","c":{"a":0,"k":[1,1,1,1]},"o":{"a":0,"k":100},"w":{"a":0,"k":10},"lc":2,"lj":2,"bm":0,"nm":"Stroke 1","hd":false},{"ty":"tr","p":{"a":0,"k":[33.014,46.386]},"a":{"a":0,"k":[0,0]},"s":{"a":0,"k":[100,100]},"r":{"a":0,"k":0},"o":{"a":0,"k":100},"sk":{"a":0,"k":0},"sa":{"a":0,"k":0},"nm":"Transform"}],"nm":"Group 1","bm":0,"hd":false},{"ty":"gr","it":[{"ind":0,"ty":"sh","ks":{"a":1,"k":[{"i":{"x":0.667,"y":1},"o":{"x":0.333,"y":0},"t":140,"s":[{"i":[[0,0],[6.613,-16.453]],"o":[[21.341,44.399],[0,0]],"v":[[-17.046,-28.517],[-10.527,55.629]],"c":false}]},{"i":{"x":0.413,"y":1},"o":{"x":0.167,"y":0},"t":164,"s":[{"i":[[0,0],[55.662,-15.805]],"o":[[2.306,27.196],[0,0]],"v":[[-8.103,28.21],[-60.165,96.348]],"c":false}]},{"i":{"x":0.119,"y":1},"o":{"x":0.89,"y":0},"t":210,"s":[{"i":[[0,0],[55.662,-15.805]],"o":[[2.306,27.196],[0,0]],"v":[[-8.103,28.21],[-60.165,96.348]],"c":false}]},{"t":230,"s":[{"i":[[0,0],[6.613,-16.453]],"o":[[21.341,44.399],[0,0]],"v":[[-17.046,-28.517],[-10.527,55.629]],"c":false}]}]},"nm":"Path 1","hd":false},{"ty":"st","c":{"a":0,"k":[0.987999949736,0.933000033509,0.128999986836,1]},"o":{"a":0,"k":100},"w":{"a":0,"k":10},"lc":2,"lj":2,"bm":0,"nm":"Stroke 1","hd":false},{"ty":"tr","p":{"a":0,"k":[342.558,59.694]},"a":{"a":0,"k":[0,0]},"s":{"a":0,"k":[100,100]},"r":{"a":0,"k":0},"o":{"a":0,"k":100},"sk":{"a":0,"k":0},"sa":{"a":0,"k":0},"nm":"Transform"}],"nm":"Group 2","bm":0,"hd":false},{"ty":"tm","s":{"a":1,"k":[{"i":{"x":[0.667],"y":[1]},"o":{"x":[0.333],"y":[0]},"t":60,"s":[0]},{"i":{"x":[0.667],"y":[1]},"o":{"x":[0.333],"y":[0]},"t":72,"s":[5]},{"i":{"x":[0.667],"y":[1]},"o":{"x":[0.333],"y":[0]},"t":84,"s":[0]},{"i":{"x":[0.667],"y":[1]},"o":{"x":[0.333],"y":[0]},"t":96,"s":[5]},{"i":{"x":[0.667],"y":[1]},"o":{"x":[0.333],"y":[0]},"t":108,"s":[0]},{"i":{"x":[0.667],"y":[1]},"o":{"x":[0.333],"y":[0]},"t":120,"s":[5]},{"i":{"x":[0.667],"y":[1]},"o":{"x":[0.333],"y":[0]},"t":132,"s":[0]},{"i":{"x":[0.667],"y":[1]},"o":{"x":[0.333],"y":[0]},"t":144,"s":[5]},{"i":{"x":[0.667],"y":[1]},"o":{"x":[0.333],"y":[0]},"t":156,"s":[5]},{"i":{"x":[0.667],"y":[1]},"o":{"x":[0.333],"y":[0]},"t":168,"s":[0]},{"i":{"x":[0.667],"y":[1]},"o":{"x":[0.333],"y":[0]},"t":180,"s":[5]},{"i":{"x":[0.667],"y":[1]},"o":{"x":[0.333],"y":[0]},"t":192,"s":[0]},{"i":{"x":[0.667],"y":[1]},"o":{"x":[0.333],"y":[0]},"t":204,"s":[5]},{"i":{"x":[0.667],"y":[1]},"o":{"x":[0.167],"y":[0]},"t":216,"s":[0]},{"i":{"x":[0.667],"y":[1]},"o":{"x":[0.167],"y":[0]},"t":228,"s":[5]},{"t":240,"s":[0]}]},"e":{"a":1,"k":[{"i":{"x":[0.667],"y":[1]},"o":{"x":[0.333],"y":[0]},"t":60,"s":[95]},{"i":{"x":[0.667],"y":[1]},"o":{"x":[0.333],"y":[0]},"t":72,"s":[100]},{"i":{"x":[0.667],"y":[1]},"o":{"x":[0.333],"y":[0]},"t":84,"s":[95]},{"i":{"x":[0.667],"y":[1]},"o":{"x":[0.333],"y":[0]},"t":96,"s":[100]},{"i":{"x":[0.667],"y":[1]},"o":{"x":[0.333],"y":[0]},"t":108,"s":[95]},{"i":{"x":[0.667],"y":[1]},"o":{"x":[0.333],"y":[0]},"t":120,"s":[100]},{"i":{"x":[0.667],"y":[1]},"o":{"x":[0.333],"y":[0]},"t":132,"s":[95]},{"i":{"x":[0.667],"y":[1]},"o":{"x":[0.333],"y":[0]},"t":144,"s":[100]},{"i":{"x":[0.667],"y":[1]},"o":{"x":[0.333],"y":[0]},"t":156,"s":[100]},{"i":{"x":[0.667],"y":[1]},"o":{"x":[0.333],"y":[0]},"t":168,"s":[95]},{"i":{"x":[0.667],"y":[1]},"o":{"x":[0.333],"y":[0]},"t":180,"s":[100]},{"i":{"x":[0.667],"y":[1]},"o":{"x":[0.333],"y":[0]},"t":192,"s":[95]},{"i":{"x":[0.667],"y":[1]},"o":{"x":[0.333],"y":[0]},"t":204,"s":[100]},{"i":{"x":[0.667],"y":[1]},"o":{"x":[0.167],"y":[0]},"t":216,"s":[95]},{"i":{"x":[0.667],"y":[1]},"o":{"x":[0.167],"y":[0]},"t":228,"s":[100]},{"t":240,"s":[95]}]},"o":{"a":0,"k":0},"m":1,"nm":"Trim Paths 1","hd":false}],"ip":60,"op":240,"st":60,"bm":0},{"ddd":0,"ind":36,"ty":3,"nm":"NULL CONTROL","sr":1,"ks":{"o":{"a":0,"k":0},"p":{"a":0,"k":[265.814,470.678,0]},"a":{"a":0,"k":[60,60,0]}},"ao":0,"ip":60,"op":240,"st":60,"bm":0},{"ddd":0,"ind":37,"ty":4,"nm":"body","parent":36,"sr":1,"ks":{"r":{"a":0,"k":1.958},"p":{"a":0,"k":[60,60,0]},"a":{"a":0,"k":[212.688,255.599,0]},"s":{"a":1,"k":[{"i":{"x":[0.595,0.595,0.595],"y":[1,1,1]},"o":{"x":[0.254,0.254,0.254],"y":[0,0,0]},"t":68,"s":[100,100,100]},{"i":{"x":[0.661,0.661,0.661],"y":[0.954,0.942,1]},"o":{"x":[0.29,0.29,0.29],"y":[0,0,0]},"t":76,"s":[102,95.355,100]},{"i":{"x":[0.833,0.833,0.833],"y":[1,1,1]},"o":{"x":[0.329,0.329,0.329],"y":[-0.09,0.26,0]},"t":88,"s":[100,100,100]},{"i":{"x":[0.595,0.595,0.595],"y":[1,1,1]},"o":{"x":[0.254,0.254,0.254],"y":[0,0,0]},"t":100,"s":[100,100,100]},{"i":{"x":[0.661,0.661,0.661],"y":[0.954,0.942,1]},"o":{"x":[0.29,0.29,0.29],"y":[0,0,0]},"t":108,"s":[102,95.355,100]},{"i":{"x":[0.69,0.69,0.69],"y":[1,1,1]},"o":{"x":[0.338,0.338,0.338],"y":[-0.154,0.445,0]},"t":120,"s":[100,100,100]},{"i":{"x":[0.667,0.667,0.667],"y":[1,1,1]},"o":{"x":[0.333,0.333,0.333],"y":[0,0,0]},"t":140,"s":[100,100,100]},{"i":{"x":[0.667,0.667,0.667],"y":[1,1,1]},"o":{"x":[0.333,0.333,0.333],"y":[0,0,0]},"t":148,"s":[102,95.355,100]},{"i":{"x":[0.667,0.667,0.667],"y":[1,1,1]},"o":{"x":[0.333,0.333,0.333],"y":[0,0,0]},"t":160,"s":[98,103,100]},{"i":{"x":[0.667,0.667,0.667],"y":[1,1,1]},"o":{"x":[0.333,0.333,0.333],"y":[0,0,0]},"t":168,"s":[102,95.355,100]},{"t":174,"s":[100,100,100]}]}},"ao":0,"shapes":[{"ty":"gr","it":[{"ind":0,"ty":"sh","ks":{"a":1,"k":[{"i":{"x":0.667,"y":1},"o":{"x":0.333,"y":0},"t":140,"s":[{"i":[[45.447,50.71],[1.09,20.241],[-97.035,0],[6.248,-112.406],[47.513,-16.732]],"o":[[-13.79,-15.386],[-4.738,-88.003],[104.214,0],[-1.823,32.8],[-50.195,17.677]],"v":[[-148.484,73.286],[-169.43,22.956],[0.832,-111.8],[169.924,20.909],[110.907,88.614]],"c":true}]},{"i":{"x":0.667,"y":1},"o":{"x":0.333,"y":0},"t":164,"s":[{"i":[[45.447,50.71],[-2.213,20.149],[-97.035,0],[0,-103.78],[47.513,-16.732]],"o":[[-13.79,-15.386],[10.63,-96.813],[104.214,0],[0,32.851],[-50.195,17.677]],"v":[[-148.484,73.286],[-164.635,19.916],[-0.019,-123.996],[166.848,17.107],[110.908,88.614]],"c":true}]},{"i":{"x":0.833,"y":1},"o":{"x":0.333,"y":0},"t":210,"s":[{"i":[[45.447,50.71],[-2.213,20.149],[-97.035,0],[0,-103.78],[47.513,-16.732]],"o":[[-13.79,-15.386],[10.63,-96.813],[104.214,0],[0,32.851],[-50.195,17.677]],"v":[[-148.484,73.286],[-164.635,19.916],[-0.019,-123.996],[166.848,17.107],[110.908,88.614]],"c":true}]},{"t":230,"s":[{"i":[[45.447,50.71],[1.09,20.241],[-97.035,0],[6.248,-112.406],[47.513,-16.732]],"o":[[-13.79,-15.386],[-4.738,-88.003],[104.214,0],[-1.823,32.8],[-50.195,17.677]],"v":[[-148.484,73.286],[-169.43,22.956],[0.832,-111.8],[169.924,20.909],[110.907,88.614]],"c":true}]}]},"nm":"Path 1","hd":false},{"ty":"st","c":{"a":0,"k":[0.980000035903,0.564000028722,0.088000002094,1]},"o":{"a":0,"k":100},"w":{"a":0,"k":10},"lc":1,"lj":1,"ml":10,"bm":0,"nm":"Stroke 1","hd":false},{"ty":"fl","c":{"a":0,"k":[1,0.834999952129,0.152999997606,1]},"o":{"a":0,"k":100},"r":1,"bm":0,"nm":"Fill 1","hd":false},{"ty":"tr","p":{"a":0,"k":[211.848,148.996]},"a":{"a":0,"k":[0,0]},"s":{"a":0,"k":[100,100]},"r":{"a":0,"k":0},"o":{"a":0,"k":100},"sk":{"a":0,"k":0},"sa":{"a":0,"k":0},"nm":"Transform"}],"nm":"Group 1","bm":0,"hd":false}],"ip":60,"op":240,"st":60,"bm":0},{"ddd":0,"ind":38,"ty":3,"nm":"NULL CONTROL","parent":30,"sr":1,"ks":{"o":{"a":0,"k":0},"r":{"a":0,"k":-1.958},"p":{"a":0,"k":[59.974,130.074,0]},"a":{"a":0,"k":[60,60,0]},"s":{"a":1,"k":[{"i":{"x":[0.595,0.595,0.595],"y":[1,1,1]},"o":{"x":[0.254,0.254,0.254],"y":[0,0,0]},"t":68,"s":[100,100,100]},{"i":{"x":[0.661,0.661,0.661],"y":[0.954,0.942,1]},"o":{"x":[0.29,0.29,0.29],"y":[0,0,0]},"t":76,"s":[102,95.355,100]},{"i":{"x":[0.833,0.833,0.833],"y":[1,1,1]},"o":{"x":[0.329,0.329,0.329],"y":[-0.09,0.26,0]},"t":88,"s":[100,100,100]},{"i":{"x":[0.595,0.595,0.595],"y":[1,1,1]},"o":{"x":[0.254,0.254,0.254],"y":[0,0,0]},"t":100,"s":[100,100,100]},{"i":{"x":[0.661,0.661,0.661],"y":[0.954,0.942,1]},"o":{"x":[0.29,0.29,0.29],"y":[0,0,0]},"t":108,"s":[102,95.355,100]},{"i":{"x":[0.69,0.69,0.69],"y":[1,1,1]},"o":{"x":[0.338,0.338,0.338],"y":[-0.154,0.445,0]},"t":120,"s":[100,100,100]},{"i":{"x":[0.667,0.667,0.667],"y":[1,1,1]},"o":{"x":[0.333,0.333,0.333],"y":[0,0,0]},"t":140,"s":[100,100,100]},{"i":{"x":[0.667,0.667,0.667],"y":[1,1,1]},"o":{"x":[0.333,0.333,0.333],"y":[0,0,0]},"t":148,"s":[102,95.355,100]},{"i":{"x":[0.667,0.667,0.667],"y":[1,1,1]},"o":{"x":[0.333,0.333,0.333],"y":[0,0,0]},"t":160,"s":[98,103,100]},{"i":{"x":[0.667,0.667,0.667],"y":[1,1,1]},"o":{"x":[0.333,0.333,0.333],"y":[0,0,0]},"t":168,"s":[102,95.355,100]},{"t":174,"s":[100,100,100]}]}},"ao":0,"ip":60,"op":242,"st":60,"bm":0},{"ddd":0,"ind":39,"ty":3,"nm":"NULL CONTROL","sr":1,"ks":{"o":{"a":0,"k":0},"p":{"a":0,"k":[256,256,0]},"a":{"a":0,"k":[60,60,0]},"s":{"a":0,"k":[-100,100,100]}},"ao":0,"ip":60,"op":240,"st":60,"bm":0},{"ddd":0,"ind":40,"ty":0,"nm":"water1 Comp 1","refId":"comp_1","sr":1,"ks":{"p":{"a":0,"k":[268,265,0]},"a":{"a":0,"k":[256,256,0]}},"ao":0,"w":512,"h":512,"ip":146,"op":266,"st":146,"bm":0},{"ddd":0,"ind":41,"ty":0,"nm":"water1 Comp 1","refId":"comp_1","sr":1,"ks":{"p":{"a":0,"k":[268,265,0]},"a":{"a":0,"k":[256,256,0]}},"ao":0,"w":512,"h":512,"ip":70,"op":190,"st":70,"bm":0}]},{"id":"comp_1","layers":[{"ddd":0,"ind":1,"ty":4,"nm":"water1","sr":1,"ks":{"p":{"a":1,"k":[{"i":{"x":0.833,"y":0.833},"o":{"x":0.167,"y":0.167},"t":0,"s":[257.634,431.728,0],"to":[0,0.5,0],"ti":[0,-0.5,0]},{"t":70,"s":[257.634,434.728,0]}]},"a":{"a":0,"k":[176.495,64.82,0]},"s":{"a":1,"k":[{"i":{"x":[0.649,0.649,0.649],"y":[0.878,0.878,-3.532]},"o":{"x":[0.312,0.312,0.312],"y":[0,0,0]},"t":0,"s":[66,66,100]},{"i":{"x":[0.833,0.833,0.833],"y":[0.833,0.833,-6.857]},"o":{"x":[0.38,0.38,0.38],"y":[0.149,0.149,7.017]},"t":28.822,"s":[103.083,103.083,100]},{"t":70,"s":[150.226,150.226,100]}]}},"ao":0,"shapes":[{"ty":"gr","it":[{"ind":0,"ty":"sh","ks":{"a":0,"k":{"i":[[0,-21.992],[83.668,0],[0,21.992],[-83.668,0]],"o":[[0,21.992],[-83.668,0],[0,-21.992],[83.668,0]],"v":[[151.495,0],[0.001,39.82],[-151.494,0],[0.001,-39.82]],"c":true}},"nm":"Path 1","hd":false},{"ty":"st","c":{"a":0,"k":[0.014981626997,0.706667133406,1,1]},"o":{"a":0,"k":100},"w":{"a":1,"k":[{"i":{"x":[0.649],"y":[1.119]},"o":{"x":[0.302],"y":[0]},"t":0,"s":[0]},{"i":{"x":[0.833],"y":[0.833]},"o":{"x":[0.407],"y":[0.645]},"t":12.352,"s":[8.324]},{"t":70,"s":[0]}]},"lc":2,"lj":2,"bm":0,"nm":"Stroke 1","hd":false},{"ty":"tr","p":{"a":0,"k":[176.495,64.82]},"a":{"a":0,"k":[0,0]},"s":{"a":0,"k":[100,100]},"r":{"a":0,"k":0},"o":{"a":0,"k":100},"sk":{"a":0,"k":0},"sa":{"a":0,"k":0},"nm":"Transform"}],"nm":"Group 1","bm":0,"hd":false}],"ip":0,"op":110,"st":-5,"bm":0}]}],"layers":[{"ddd":0,"ind":1,"ty":0,"nm":"_016_SRCH","refId":"comp_0","sr":1,"ks":{"p":{"a":0,"k":[256,256,0]},"a":{"a":0,"k":[256,256,0]}},"ao":0,"w":512,"h":512,"ip":62,"op":242,"st":2,"bm":0},{"ddd":0,"ind":2,"ty":0,"nm":"_016_SRCH","refId":"comp_0","sr":1,"ks":{"p":{"a":0,"k":[256,256,0]},"a":{"a":0,"k":[256,256,0]}},"ao":0,"w":512,"h":512,"ip":-118,"op":62,"st":-178,"bm":0}]}